slug,category_title,city,district,latin_city,meter,built_year,total_cost,price_per_meter,floor,room,elevator,parking,storage,divder,lat,long,token
apartment-sell,آپارتمان,تهران,سیدخندان,tehran,۱۱۴,۱۳۸۱,۵٬۵۰۰٬۰۰۰٬۰۰۰ تومان,۴۸٬۲۴۶٬۰۰۰ تومان,۱,۲,,,1,1,35.74624,51.449024,gYB-wnum
apartment-sell,آپارتمان,تهران,سیدخندان,tehran,۸۷,۱۳۸۴,۴٬۳۵۰٬۰۰۰٬۰۰۰ تومان,۵۰٬۰۰۰٬۰۰۰ تومان,۱ از ۴,۲,,1,1,1,,,gY_14X3T
apartment-sell,آپارتمان,تهران,سیدخندان,tehran,۱۶۰,قبل از ۱۳۷۰,۶٬۰۰۰٬۰۰۰٬۰۰۰ تومان,۳۷٬۵۰۰٬۰۰۰ تومان,۱ از ۳,۳,,,1,1,35.751785256605,51.449818185844,gYBmQwRP
apartment-sell,آپارتمان,تهران,سیدخندان,tehran,۶۸,۱۴۰۰,۳٬۸۷۶٬۰۰۰٬۰۰۰ تومان,۵۷٬۰۰۰٬۰۰۰ تومان,۴,۱,1,1,1,1,,,gY8pbcoL
apartment-sell,آپارتمان,تهران,سیدخندان,tehran,۱۴۵,۱۴۰۰,توافقی,,۳,۳,1,1,1,1,,,gYA2vW3u
apartment-sell,آپارتمان,تهران,سیدخندان,tehran,۱۰۰,۱۴۰۰,توافقی,,۴ از ۵,۲,1,1,1,1,35.747303,51.454403,gYAivZwA
apartment-sell,آپارتمان,تهران,سیدخندان,tehran,۸۳,۱۳۹۷,۵٬۰۰۰٬۰۰۰٬۰۰۰ تومان,۶۰٬۲۴۱٬۰۰۰ تومان,۱,۲,1,1,1,1,35.744840378216,51.454167366028,gYASfSmU
apartment-sell,آپارتمان,تهران,سیدخندان,tehran,۱۲۱,۱۳۸۵,۶٬۲۰۰٬۰۰۰٬۰۰۰ تومان,۵۱٬۲۴۰٬۰۰۰ تومان,۳,۳,1,1,,1,35.746303276626,51.458802223206,gYAKPCHi
apartment-sell,آپارتمان,تهران,سیدخندان,tehran,۷۸,قبل از ۱۳۷۰,۳٬۵۰۰٬۰۰۰٬۰۰۰ تومان,۴۴٬۸۷۲٬۰۰۰ تومان,۲ از ۴,۲,,1,1,1,35.74442,51.455635,gYACf8dz
apartment-sell,آپارتمان,تهران,سیدخندان,tehran,۹۸,۱۴۰۰,۷٬۱۰۰٬۰۰۰٬۰۰۰ تومان,۷۲٬۴۴۹٬۰۰۰ تومان,۲ از ۴,۲,1,1,,1,,,gYASe-gC
apartment-sell,آپارتمان,تهران,سیدخندان,tehran,۱۲۵,۱۳۸۲,۶٬۴۹۰٬۰۰۰٬۰۰۰ تومان,۵۱٬۹۲۰٬۰۰۰ تومان,۲,۲,1,1,1,1,,,gYp5lOhB
apartment-sell,آپارتمان,تهران,سیدخندان,tehran,۹۵,۱۳۸۲,۴٬۵۰۰٬۰۰۰٬۰۰۰ تومان,۴۷٬۳۶۸٬۰۰۰ تومان,۳ از ۴,۲,1,1,1,1,35.743774,51.45356,gYA6tS2f
apartment-sell,آپارتمان,تهران,سیدخندان,tehran,۱۷۰,۱۴۰۰,توافقی,,۵,۳,1,1,1,1,,,gYAutHHf
apartment-sell,آپارتمان,تهران,سیدخندان,tehran,۱۰۰,۱۳۸۵,۵٬۷۰۰٬۰۰۰٬۰۰۰ تومان,۵۷٬۰۰۰٬۰۰۰ تومان,۵ از ۵,۲,1,1,1,1,35.753483,51.463688,gYAidbMy
apartment-sell,آپارتمان,تهران,سیدخندان,tehran,۱۰۲,۱۴۰۰,۵٬۶۱۰٬۰۰۰٬۰۰۰ تومان,۵۵٬۰۰۰٬۰۰۰ تومان,۱,۲,1,1,1,1,,,gYAWtKgI
apartment-sell,آپارتمان,تهران,سیدخندان,tehran,۹۶,۱۳۸۱,۴٬۲۰۰٬۰۰۰٬۰۰۰ تومان,۴۳٬۷۵۰٬۰۰۰ تومان,۲,۲,,1,1,1,35.75461,51.464657,gY3JGR5C
apartment-sell,آپارتمان,تهران,سیدخندان,tehran,۹۷,۱۳۹۱,۵٬۲۸۰٬۰۰۰٬۰۰۰ تومان,۵۴٬۴۳۳٬۰۰۰ تومان,۳,۲,1,1,,1,,,gYAK9Lrc
apartment-sell,آپارتمان,تهران,سیدخندان,tehran,۱۱۸,۱۳۹۵,۶٬۸۰۰٬۰۰۰٬۰۰۰ تومان,۵۷٬۶۲۷٬۰۰۰ تومان,۴,۲,1,1,1,1,,,gYAK9p3h
apartment-sell,آپارتمان,تهران,سیدخندان,tehran,۹۵,۱۴۰۰,۷٬۳۱۵٬۰۰۰٬۰۰۰ تومان,۷۷٬۰۰۰٬۰۰۰ تومان,۱ از ۵,۲,1,1,1,1,,,gYAq8eys
apartment-sell,آپارتمان,تهران,سیدخندان,tehran,۱۰۸,۱۳۹۵,توافقی,,۳,۲,1,1,1,1,,,gYAmcHng
apartment-sell,آپارتمان,تهران,سیدخندان,tehran,۱۸۰,۱۴۰۰,توافقی,,۳,۳,1,1,1,1,,,gYAaMd74
apartment-sell,آپارتمان,تهران,سیدخندان,tehran,۱۰۸,۱۳۹۹,۷٬۵۰۰٬۰۰۰٬۰۰۰ تومان,۶۹٬۴۴۴٬۰۰۰ تومان,۳ از ۵,۲,1,1,1,1,35.7488,51.46108,gYAKM3yU
apartment-sell,آپارتمان,تهران,سیدخندان,tehran,۶۵,۱۳۹۳,۳٬۷۰۰٬۰۰۰٬۰۰۰ تومان,۵۶٬۹۲۳٬۰۰۰ تومان,۱,۱,1,1,1,1,35.747597,51.456184,gYA-bkx1
apartment-sell,آپارتمان,تهران,سیدخندان,tehran,۹۲,قبل از ۱۳۷۰,توافقی,,۳,۲,,,,1,35.739371686558,51.455819606781,gYAy736j
apartment-sell,آپارتمان,تهران,سیدخندان,tehran,۹۷,۱۴۰۰,۷٬۸۰۰٬۰۰۰٬۰۰۰ تومان,۸۰٬۴۱۲٬۰۰۰ تومان,۲,۲,1,1,1,1,35.750652,51.44921,gYAyLmsI
apartment-sell,آپارتمان,تهران,سیدخندان,tehran,۱۱۵,۱۴۰۰,توافقی,,۴ از ۵,۲,1,1,1,1,,,gYm1H6oP
apartment-sell,آپارتمان,تهران,سیدخندان,tehran,۱۱۰,۱۴۰۰,توافقی,,۵,۲,1,1,1,1,,,gY7tVg62
apartment-sell,آپارتمان,تهران,سیدخندان,tehran,۹۳,۱۳۹۴,۴٬۱۰۰٬۰۰۰٬۰۰۰ تومان,۴۴٬۰۸۶٬۰۰۰ تومان,۳,۲,1,1,1,1,,,gYAmLCCG
apartment-sell,آپارتمان,تهران,سیدخندان,tehran,۷۵,۱۳۹۲,توافقی,,۱ از ۴,۲,1,1,1,1,,,gYAirSVo
apartment-sell,آپارتمان,تهران,سیدخندان,tehran,۹۰,۱۳۹۹,۵٬۸۵۰٬۰۰۰٬۰۰۰ تومان,۶۵٬۰۰۰٬۰۰۰ تومان,۲,۲,1,1,1,1,,,gY7d3mxD
apartment-sell,آپارتمان,تهران,سیدخندان,tehran,۱۲۷,۱۳۹۵,توافقی,,۳ از ۵,۳,1,1,1,1,35.744656,51.454372,gYnVONAN
apartment-sell,آپارتمان,تهران,سیدخندان,tehran,۹۵,۱۳۸۴,توافقی,,۵ از ۵,۲,1,1,1,1,,,gYAW7WWK
apartment-sell,آپارتمان,تهران,سیدخندان,tehran,۱۶۰,۱۳۷۵,۷٬۷۰۰٬۰۰۰٬۰۰۰ تومان,۴۸٬۱۲۵٬۰۰۰ تومان,۱,۳,,1,1,1,,,gY89KnBt
apartment-sell,آپارتمان,تهران,سیدخندان,tehran,۶۸,۱۴۰۰,۳٬۸۷۶٬۰۰۰٬۰۰۰ تومان,۵۷٬۰۰۰٬۰۰۰ تومان,۴,۱,1,1,1,1,,,gYAK7_Xx
apartment-sell,آپارتمان,تهران,سیدخندان,tehran,۱۰۸,۱۳۹۹,۷٬۵۶۰٬۰۰۰٬۰۰۰ تومان,۷۰٬۰۰۰٬۰۰۰ تومان,۳ از ۵,۲,1,1,1,1,,,gY4ZKKbe
apartment-sell,آپارتمان,تهران,سیدخندان,tehran,۹۹,۱۳۸۲,توافقی,,۵ از ۵,۲,1,1,1,1,,,gYAGbJ5l
apartment-sell,آپارتمان,تهران,سیدخندان,tehran,۱۵۰,۱۳۸۴,۸٬۱۵۰٬۰۰۰٬۰۰۰ تومان,۵۴٬۳۳۳٬۰۰۰ تومان,۴ از ۵,۳,1,1,1,1,,,gYAG7HLE
apartment-sell,آپارتمان,تهران,سیدخندان,tehran,۹۶,۱۴۰۰,توافقی,,۴,۲,1,1,,1,,,gYA6qMD-
apartment-sell,آپارتمان,تهران,سیدخندان,tehran,۱۰۰,۱۳۸۶,۴٬۳۰۰٬۰۰۰٬۰۰۰ تومان,۴۳٬۰۰۰٬۰۰۰ تومان,۲ از ۴,۲,,1,1,1,35.754925,51.464703,gYA2qCXL
apartment-sell,آپارتمان,تهران,سیدخندان,tehran,۱۵۵,۱۴۰۰,توافقی,,۲ از ۵,۳,1,1,1,1,35.744198,51.456627,gY6VUE4u
apartment-sell,آپارتمان,تهران,سیدخندان,tehran,۱۵۰,۱۳۸۶,۸٬۱۵۰٬۰۰۰٬۰۰۰ تومان,۵۴٬۳۳۳٬۰۰۰ تومان,۴,۳,1,1,1,1,,,gY4Za4e4
apartment-sell,آپارتمان,تهران,سیدخندان,tehran,۱۰۸,۱۴۰۰,۷٬۵۰۰٬۰۰۰٬۰۰۰ تومان,۶۹٬۴۴۴٬۰۰۰ تومان,۳ از ۵,۲,1,1,1,1,35.745872,51.460537,gY2ljDZt
apartment-sell,آپارتمان,تهران,سیدخندان,tehran,۹۱,۱۳۹۰,۴٬۲۰۰٬۰۰۰٬۰۰۰ تومان,۴۶٬۱۵۴٬۰۰۰ تومان,۴ از ۵,۲,1,1,1,1,,,gYAq6Jqa
apartment-sell,آپارتمان,تهران,سیدخندان,tehran,۱۳۵,۱۳۸۵,۶٬۳۵۰٬۰۰۰٬۰۰۰ تومان,۴۷٬۰۳۷٬۰۰۰ تومان,۲,۳,,1,1,1,,,gY49Ow3y
apartment-sell,آپارتمان,تهران,سیدخندان,tehran,۹۳,۱۳۸۲,توافقی,,۴,۲,1,1,1,1,,,gY41Mxu2
apartment-sell,آپارتمان,تهران,سیدخندان,tehran,۱۰۳,۱۳۸۰,۵٬۱۵۰٬۰۰۰٬۰۰۰ تومان,۵۰٬۰۰۰٬۰۰۰ تومان,۵,۲,1,1,1,1,,,gYAeqd-j
apartment-sell,آپارتمان,تهران,سیدخندان,tehran,۱۴۵,۱۳۹۸,۹٬۷۰۰٬۰۰۰٬۰۰۰ تومان,۶۶٬۸۹۷٬۰۰۰ تومان,۴,۳,1,1,1,1,,,gYAe6OVA
apartment-sell,آپارتمان,تهران,سیدخندان,tehran,۱۵۵,۱۴۰۰,۱۰٬۵۰۰٬۰۰۰٬۰۰۰ تومان,۶۷٬۷۴۲٬۰۰۰ تومان,۲ از ۵,۳,1,1,1,1,,,gY5twUtW
apartment-sell,آپارتمان,تهران,سیدخندان,tehran,۱۵۰,۱۳۸۳,۸٬۱۵۰٬۰۰۰٬۰۰۰ تومان,۵۴٬۳۳۳٬۰۰۰ تومان,۴ از ۵,۳,1,1,1,1,,,gY4ZMXy1
apartment-sell,آپارتمان,تهران,سیدخندان,tehran,۷۵,۱۳۸۵,۴٬۰۵۰٬۰۰۰٬۰۰۰ تومان,۵۴٬۰۰۰٬۰۰۰ تومان,۳ از ۵,۲,1,1,1,1,,,gY7BXBhB
apartment-sell,آپارتمان,تهران,سیدخندان,tehran,۸۵,۱۳۷۵,۴٬۳۰۰٬۰۰۰٬۰۰۰ تومان,۵۰٬۵۸۸٬۰۰۰ تومان,۱ از ۴,۲,1,1,1,1,,,gY_xEqsT
apartment-sell,آپارتمان,تهران,سیدخندان,tehran,۸۲,۱۳۹۸,۵٬۳۳۰٬۰۰۰٬۰۰۰ تومان,۶۵٬۰۰۰٬۰۰۰ تومان,۴ از ۵,۲,1,1,1,1,,,gY_5U6GQ
apartment-sell,آپارتمان,تهران,سیدخندان,tehran,۱۰۰,۱۳۹۳,۶٬۲۴۰٬۰۰۰٬۰۰۰ تومان,۶۲٬۴۰۰٬۰۰۰ تومان,۱ از ۵,۲,1,1,1,1,,,gYsNvwjA
apartment-sell,آپارتمان,تهران,سیدخندان,tehran,۱۰۳,۱۳۷۵,۴٬۲۵۰٬۰۰۰٬۰۰۰ تومان,۴۱٬۲۶۲٬۰۰۰ تومان,همکف از ۴,۲,,1,1,1,,,gYAGatWB
apartment-sell,آپارتمان,تهران,سیدخندان,tehran,۱۸۰,۱۴۰۰,۱۱٬۸۰۰٬۰۰۰٬۰۰۰ تومان,۶۵٬۵۵۶٬۰۰۰ تومان,۳ از ۵,۳,1,1,1,1,,,gYAS6HtU
apartment-sell,آپارتمان,تهران,سیدخندان,tehran,۱۵۰,۱۳۸۴,توافقی,,۴,۳,1,1,1,1,,,gYAGaERO
apartment-sell,آپارتمان,تهران,سیدخندان,tehran,۱۵۰,۱۳۸۵,۸٬۱۰۰٬۰۰۰٬۰۰۰ تومان,۵۴٬۰۰۰٬۰۰۰ تومان,۴,۳,1,1,1,1,,,gYACq_L3
apartment-sell,آپارتمان,تهران,سیدخندان,tehran,۱۲۰,۱۳۹۲,توافقی,,۴,۲,1,1,1,1,,,gY6pFxbn
apartment-sell,آپارتمان,تهران,سیدخندان,tehran,۱۰۷,۱۴۰۰,توافقی,,۵ از ۵,۲,1,1,1,1,35.744175,51.456665,gY45uFPE
apartment-sell,آپارتمان,تهران,سیدخندان,tehran,۱۰۵,قبل از ۱۳۷۰,۵٬۱۰۰٬۰۰۰٬۰۰۰ تومان,۴۸٬۵۷۱٬۰۰۰ تومان,۱,۲,,1,1,1,,,gY4Rbdps
apartment-sell,آپارتمان,تهران,سیدخندان,tehran,۷۵,۱۳۹۴,۴٬۴۰۰٬۰۰۰٬۰۰۰ تومان,۵۸٬۶۶۷٬۰۰۰ تومان,۴ از ۵,۲,1,1,1,1,,,gYkltLIK
apartment-sell,آپارتمان,تهران,سیدخندان,tehran,۸۱,۱۴۰۰,۶٬۰۰۰٬۰۰۰٬۰۰۰ تومان,۷۴٬۰۷۴٬۰۰۰ تومان,۴ از ۵,۲,1,1,1,1,35.746735,51.45684,gYAqJlVN
apartment-sell,آپارتمان,تهران,سیدخندان,tehran,۴۶,قبل از ۱۳۷۰,۱٬۹۵۰٬۰۰۰٬۰۰۰ تومان,۴۲٬۳۹۱٬۰۰۰ تومان,همکف,۲,,,1,1,,,gYnVa240
apartment-sell,آپارتمان,تهران,سیدخندان,tehran,۱۲۱,۱۳۷۱,۵٬۵۰۰٬۰۰۰٬۰۰۰ تومان,۴۵٬۴۵۵٬۰۰۰ تومان,۲,۳,,1,1,1,,,gYfBa8Ys
apartment-sell,آپارتمان,تهران,سیدخندان,tehran,۱۰۸,۱۳۹۶,۶٬۳۰۰٬۰۰۰٬۰۰۰ تومان,۵۸٬۳۳۳٬۰۰۰ تومان,۳ از ۴,۲,1,1,1,1,,,gY71Wyjd
apartment-sell,آپارتمان,تهران,سیدخندان,tehran,۱۰۰,۱۴۰۰,۷٬۲۰۰٬۰۰۰٬۰۰۰ تومان,۷۲٬۰۰۰٬۰۰۰ تومان,۲ از ۴,۲,1,1,1,1,,,gYzR4P2m
apartment-sell,آپارتمان,تهران,سیدخندان,tehran,۱۰۰,۱۳۹۱,۵٬۴۰۰٬۰۰۰٬۰۰۰ تومان,۵۴٬۰۰۰٬۰۰۰ تومان,۲ از ۵,۲,1,1,,1,,,gY417x37
apartment-sell,آپارتمان,تهران,سیدخندان,tehran,۹۵,۱۳۸۹,توافقی,,۳,۲,1,1,1,1,35.744001596133,51.457457652946,gYAipYmx
apartment-sell,آپارتمان,تهران,سیدخندان,tehran,۱۰۲,۱۳۷۸,۳٬۹۰۰٬۰۰۰٬۰۰۰ تومان,۳۸٬۲۳۵٬۰۰۰ تومان,۳,۲,,1,1,1,,,gYAW51P4
apartment-sell,آپارتمان,تهران,سیدخندان,tehran,۸۲,۱۳۹۸,توافقی,,۴,۲,1,1,1,1,,,gYAW5PSz
apartment-sell,آپارتمان,تهران,سیدخندان,tehran,۱۴۳,۱۴۰۰,توافقی,,۴,۳,1,1,1,1,,,gYACpWkm
apartment-sell,آپارتمان,تهران,سیدخندان,tehran,۷۵,۱۳۹۵,۴٬۳۰۰٬۰۰۰٬۰۰۰ تومان,۵۷٬۳۳۳٬۰۰۰ تومان,۴,۲,1,1,1,1,,,gY6hosqQ
apartment-sell,آپارتمان,تهران,سیدخندان,tehran,۲۳۴,قبل از ۱۳۷۰,توافقی,,۱,۲,,1,1,1,35.748737,51.450752,gY2FReUb
apartment-sell,آپارتمان,تهران,سیدخندان,tehran,۸۵,۱۴۰۰,۶٬۴۰۰٬۰۰۰٬۰۰۰ تومان,۷۵٬۲۹۴٬۰۰۰ تومان,۳,۲,1,1,1,1,35.74426,51.456696,gY2ZYFPS
apartment-sell,آپارتمان,تهران,سیدخندان,tehran,۱۸۳,قبل از ۱۳۷۰,توافقی,,۴ از ۴,۳,,1,1,1,,,gY_huNTV
apartment-sell,آپارتمان,تهران,سیدخندان,tehran,۱۶۰,۱۳۷۱,۷٬۷۵۰٬۰۰۰٬۰۰۰ تومان,۴۸٬۴۳۸٬۰۰۰ تومان,۱,۳,,1,1,1,,,gY_5NOan
apartment-sell,آپارتمان,تهران,سیدخندان,tehran,۱۰۰,۱۴۰۰,توافقی,,۲,۲,1,1,1,1,,,gY-JRrR9
apartment-sell,آپارتمان,تهران,سیدخندان,tehran,۸۵,۱۴۰۰,۶٬۲۰۰٬۰۰۰٬۰۰۰ تومان,۷۲٬۹۴۱٬۰۰۰ تومان,۵ از ۵,۲,1,1,1,1,,,gY_xsQyN
apartment-sell,آپارتمان,تهران,سیدخندان,tehran,۸۵,۱۴۰۰,توافقی,,۳,۲,1,1,1,1,,,gY_VcrTs
apartment-sell,آپارتمان,تهران,سیدخندان,tehran,۸۴,۱۳۷۵,۳٬۶۰۰٬۰۰۰٬۰۰۰ تومان,۴۲٬۸۵۷٬۰۰۰ تومان,۲,۲,,,1,1,,,gY_l8Jj2
apartment-sell,آپارتمان,تهران,سیدخندان,tehran,۱۶۰,۱۴۰۰,۱۲٬۰۰۰٬۰۰۰٬۰۰۰ تومان,۷۵٬۰۰۰٬۰۰۰ تومان,۱,۳,1,1,1,1,,,gYtNkOkl
apartment-sell,آپارتمان,تهران,سیدخندان,tehran,۱۰۰,۱۳۸۳,۵٬۷۰۰٬۰۰۰٬۰۰۰ تومان,۵۷٬۰۰۰٬۰۰۰ تومان,۳,۳,1,1,1,1,,,gYtVzebs
apartment-sell,آپارتمان,تهران,سیدخندان,tehran,۸۲,۱۳۹۹,توافقی,,۴,۲,1,1,1,1,,,gY_hL7U3
apartment-sell,آپارتمان,تهران,سیدخندان,tehran,۱۵۵,۱۳۹۲,۹٬۷۶۵٬۰۰۰٬۰۰۰ تومان,۶۳٬۰۰۰٬۰۰۰ تومان,۲,۳,1,1,1,1,,,gY_Z71V_
apartment-sell,آپارتمان,تهران,سیدخندان,tehran,۱۰۱,۱۴۰۰,توافقی,,۵,۲,1,1,1,1,,,gY5pB6v0
apartment-sell,آپارتمان,تهران,سیدخندان,tehran,۱۰۷,۱۴۰۰,۷٬۸۵۰٬۰۰۰٬۰۰۰ تومان,۷۳٬۳۶۴٬۰۰۰ تومان,۵,۲,1,1,1,1,,,gY_tK0xD
apartment-sell,آپارتمان,تهران,سیدخندان,tehran,۱۵۵,۱۳۹۳,۹٬۲۵۰٬۰۰۰٬۰۰۰ تومان,۵۹٬۶۷۷٬۰۰۰ تومان,۲,۳,1,1,1,1,,,gY0NOVzq
apartment-sell,آپارتمان,تهران,سیدخندان,tehran,۹۶,۱۳۹۶,۶٬۵۶۲٬۰۰۰٬۰۰۰ تومان,۶۸٬۳۵۴٬۰۰۰ تومان,۴,۲,1,1,1,1,,,gY3J6bQA
apartment-sell,آپارتمان,تهران,سیدخندان,tehran,۵۸,۱۳۹۶,۲٬۵۵۰٬۰۰۰٬۰۰۰ تومان,۴۳٬۹۶۶٬۰۰۰ تومان,۵,۱,1,1,1,1,,,gY_ZJHk-
apartment-sell,آپارتمان,تهران,سیدخندان,tehran,۶۵,۱۳۸۴,۲٬۸۵۰٬۰۰۰٬۰۰۰ تومان,۴۳٬۸۴۶٬۰۰۰ تومان,۲ از ۴,۱,,,1,1,,,gYeFFEsf
apartment-sell,آپارتمان,تهران,سیدخندان,tehran,۸۱,۱۳۷۵,۳٬۸۰۰٬۰۰۰٬۰۰۰ تومان,۴۶٬۹۱۴٬۰۰۰ تومان,۲,۲,,,1,1,,,gY_tI5np
apartment-sell,آپارتمان,تهران,سیدخندان,tehran,۱۱۵,۱۳۸۲,توافقی,,۱,۳,1,1,1,1,,,gY9Fg3tt
apartment-sell,آپارتمان,تهران,سیدخندان,tehran,۱۲۷,۱۳۹۵,توافقی,,۳ از ۵,۳,1,1,,1,,,gY-xibxO
apartment-sell,آپارتمان,تهران,سیدخندان,tehran,۱۵۵,۱۴۰۰,توافقی,,۲,۳,1,1,1,1,,,gY_1o4MJ
apartment-sell,آپارتمان,تهران,سیدخندان,tehran,۹۰,۱۳۹۶,توافقی,,۴,۲,1,1,1,1,,,gY_1YUit
apartment-sell,آپارتمان,تهران,سیدخندان,tehran,۹۲,۱۴۰۰,۶٬۷۰۰٬۰۰۰٬۰۰۰ تومان,۷۲٬۸۲۶٬۰۰۰ تومان,۲ از ۴,۲,1,1,1,1,35.750916,51.451946,gY3BX8sC
apartment-sell,آپارتمان,تهران,سیدخندان,tehran,۹۰,۱۳۸۰,۴٬۲۰۰٬۰۰۰٬۰۰۰ تومان,۴۶٬۶۶۷٬۰۰۰ تومان,۳,۲,,1,,1,,,gY611hi3
apartment-sell,آپارتمان,تهران,سیدخندان,tehran,۱۵۷,۱۳۹۰,توافقی,,۱ از ۵,۳,1,1,1,1,35.74732,51.455452,gY7N5Aoq
apartment-sell,آپارتمان,تهران,سیدخندان,tehran,۱۱۰,۱۳۹۶,۶٬۲۴۰٬۰۰۰٬۰۰۰ تومان,۵۶٬۷۲۷٬۰۰۰ تومان,۳,۲,1,1,,1,,,gYu9EgqU
apartment-sell,آپارتمان,تهران,سیدخندان,tehran,۱۱۲,۱۴۰۰,۸٬۴۰۰٬۰۰۰٬۰۰۰ تومان,۷۵٬۰۰۰٬۰۰۰ تومان,۲ از ۴,۲,1,1,1,1,,,gYzFYTgS
apartment-sell,آپارتمان,تهران,سیدخندان,tehran,۱۰۸,۱۴۰۰,۷٬۸۵۰٬۰۰۰٬۰۰۰ تومان,۷۲٬۶۸۵٬۰۰۰ تومان,۵,۲,1,1,1,1,,,gY_dHpf7
apartment-sell,آپارتمان,تهران,سیدخندان,tehran,۸۷,۱۳۸۱,توافقی,,۱,۲,,1,1,1,,,gY_F3rsB
apartment-sell,آپارتمان,تهران,سیدخندان,tehran,۹۸,۱۴۰۰,توافقی,,۱,۲,1,1,1,1,,,gY_Bn_NW
apartment-sell,آپارتمان,تهران,سیدخندان,tehran,۱۴۰,۱۳۸۴,توافقی,,۳,۳,1,1,1,1,,,gY_9GTwT
apartment-sell,آپارتمان,تهران,سیدخندان,tehran,۱۱۲,۱۳۹۴,۶٬۱۰۰٬۰۰۰٬۰۰۰ تومان,۵۴٬۴۶۴٬۰۰۰ تومان,۳,۲,1,1,,1,,,gY_x2rri
apartment-sell,آپارتمان,تهران,سیدخندان,tehran,۹۷,۱۳۷۱,توافقی,,۲,۲,,,,1,,,gY_tGFOH
apartment-sell,آپارتمان,تهران,سیدخندان,tehran,۱۵۳,۱۳۹۹,توافقی,,۲ از ۵,۳,1,1,1,1,,,gY_5mTkC
apartment-sell,آپارتمان,تهران,سیدخندان,tehran,۱۱۴,۱۴۰۰,۸٬۰۰۰٬۰۰۰٬۰۰۰ تومان,۷۰٬۱۷۵٬۰۰۰ تومان,۲ از ۵,۲,1,1,1,1,,,gYmRYWJ9
apartment-sell,آپارتمان,تهران,سیدخندان,tehran,۱۳۵,۱۳۸۰,توافقی,,۱ از ۴,۳,,1,1,1,,,gY7Bsyyx
apartment-sell,آپارتمان,تهران,سیدخندان,tehran,۱۱۵,۱۳۹۹,۷٬۹۰۰٬۰۰۰٬۰۰۰ تومان,۶۸٬۶۹۶٬۰۰۰ تومان,۳ از ۵,۳,1,1,1,1,,,gYmVZM6X
apartment-sell,آپارتمان,تهران,سیدخندان,tehran,۱۴۱,۱۴۰۰,۱۰٬۶۰۰٬۰۰۰٬۰۰۰ تومان,۷۵٬۱۷۷٬۰۰۰ تومان,۴ از ۵,۳,1,1,1,1,,,gYsVt06k
apartment-sell,آپارتمان,تهران,سیدخندان,tehran,۷۰,۱۳۸۰,توافقی,,۲ از ۳,۲,,1,1,1,,,gY_p28Bz
apartment-sell,آپارتمان,تهران,سیدخندان,tehran,۹۰,۱۳۹۷,توافقی,,۴,۲,1,1,1,1,,,gY_hGN0U
apartment-sell,آپارتمان,تهران,سیدخندان,tehran,۸۶,۱۳۸۱,توافقی,,۵,۲,1,1,1,1,,,gY_RmxVB
apartment-sell,آپارتمان,تهران,سیدخندان,tehran,۱۲۱,۱۳۷۱,۱۲٬۱۰۰٬۰۰۰٬۰۰۰ تومان,۱۰۰٬۰۰۰٬۰۰۰ تومان,همکف,۳,1,1,1,1,,,gY_NWass
apartment-sell,آپارتمان,تهران,سیدخندان,tehran,۹۴,۱۳۹۵,۵٬۴۰۰٬۰۰۰٬۰۰۰ تومان,۵۷٬۴۴۷٬۰۰۰ تومان,۴ از ۵,۲,1,1,1,1,,,gY_9FFDv
apartment-sell,آپارتمان,تهران,سیدخندان,tehran,۱۵۰,۱۳۸۶,توافقی,,۴,۳,1,1,1,1,35.747588935506,51.454036322297,gY_JGhOC
apartment-sell,آپارتمان,تهران,سیدخندان,tehran,۵۸,۱۳۹۹,۴٬۲۳۴٬۰۰۰٬۰۰۰ تومان,۷۳٬۰۰۰٬۰۰۰ تومان,۲ از ۴,۱,1,1,1,1,,,gYmtnFM2
apartment-sell,آپارتمان,تهران,سیدخندان,tehran,۱۰۷,۱۴۰۰,۷٬۴۹۰٬۰۰۰٬۰۰۰ تومان,۷۰٬۰۰۰٬۰۰۰ تومان,۵,۲,1,1,1,1,,,gYoR-MmK
apartment-sell,آپارتمان,تهران,سیدخندان,tehran,۱۳۰,۱۳۸۰,۵٬۴۰۰٬۰۰۰٬۰۰۰ تومان,۴۱٬۵۳۸٬۰۰۰ تومان,۴ از ۴,۲,,1,1,1,,,gY_xl8i_
apartment-sell,آپارتمان,تهران,سیدخندان,tehran,۱۰۰,۱۳۹۴,توافقی,,۴,۲,1,1,1,1,,,gY_t1v57
apartment-sell,آپارتمان,تهران,سیدخندان,tehran,۶۲,۱۳۹۲,توافقی,,۵,۱,1,1,1,1,,,gYtZVJe6
apartment-sell,آپارتمان,تهران,سیدخندان,tehran,۱۵۲,۱۴۰۰,توافقی,,۴ از ۵,۳,1,1,1,1,35.747078931484,51.455462849849,gY_tFIMn
apartment-sell,آپارتمان,تهران,سیدخندان,tehran,۱۰۰,۱۳۸۶,۴٬۹۸۰٬۰۰۰٬۰۰۰ تومان,۴۹٬۸۰۰٬۰۰۰ تومان,۳ از ۴,۲,1,1,1,1,,,gYbB-dR9
apartment-sell,آپارتمان,تهران,سیدخندان,tehran,۷۸,۱۳۹۴,توافقی,,۳,۲,1,1,1,1,35.74837,51.461143,gY3VsFHy
apartment-sell,آپارتمان,تهران,سیدخندان,tehran,۱۶۲,۱۳۸۰,توافقی,,۳,۳,1,1,1,1,,,gY_dFGOk
apartment-sell,آپارتمان,تهران,سیدخندان,tehran,۱۷۰,۱۳۸۵,۹٬۳۵۰٬۰۰۰٬۰۰۰ تومان,۵۵٬۰۰۰٬۰۰۰ تومان,۲ از ۴,۳,1,1,1,1,35.74373,51.457104,gY_plPOb
apartment-sell,آپارتمان,تهران,سیدخندان,tehran,۸۲,۱۳۹۹,۵٬۳۳۰٬۰۰۰٬۰۰۰ تومان,۶۵٬۰۰۰٬۰۰۰ تومان,۴ از ۵,۲,1,1,1,1,,,gY_lF0_6
apartment-sell,آپارتمان,تهران,سیدخندان,tehran,۶۲,۱۳۸۶,۳٬۰۰۰٬۰۰۰٬۰۰۰ تومان,۴۸٬۳۸۷٬۰۰۰ تومان,۲,۱,1,1,1,1,,,gY_Rl83q
apartment-sell,آپارتمان,تهران,سیدخندان,tehran,۱۳۰,۱۳۸۰,۵٬۷۰۰٬۰۰۰٬۰۰۰ تومان,۴۳٬۸۴۶٬۰۰۰ تومان,۳ از ۴,۳,,1,1,1,35.744698,51.45464,gY_RVRbX
apartment-sell,آپارتمان,تهران,سیدخندان,tehran,۱۲۸,۱۳۹۵,توافقی,,۳ از ۵,۳,1,1,1,1,35.74459,51.45455,gYtFRdtT
apartment-sell,آپارتمان,تهران,سیدخندان,tehran,۷۳,۱۳۸۰,توافقی,,۴,۲,1,1,1,1,35.749529073238,51.450158500615,gY_NFj6K
apartment-sell,آپارتمان,تهران,سیدخندان,tehran,۷۵,۱۳۹۴,۴٬۳۸۰٬۰۰۰٬۰۰۰ تومان,۵۸٬۴۰۰٬۰۰۰ تومان,۴ از ۵,۲,1,1,1,1,,,gY_F1cHS
apartment-sell,آپارتمان,تهران,سیدخندان,tehran,۱۲۰,۱۳۹۳,۷٬۳۰۰٬۰۰۰٬۰۰۰ تومان,۶۰٬۸۳۳٬۰۰۰ تومان,۳ از ۵,۲,1,1,1,1,,,gYshNUH6
apartment-sell,آپارتمان,تهران,سیدخندان,tehran,۶۰,۱۳۸۰,۳٬۲۵۰٬۰۰۰٬۰۰۰ تومان,۵۴٬۱۶۷٬۰۰۰ تومان,۲,۱,1,,,1,,,gY_5kenB
apartment-sell,آپارتمان,تهران,سیدخندان,tehran,۱۵۰,۱۳۸۴,۸٬۴۰۰٬۰۰۰٬۰۰۰ تومان,۵۶٬۰۰۰٬۰۰۰ تومان,۴ از ۵,۳,1,1,,1,,,gY_90HM5
apartment-sell,آپارتمان,تهران,سیدخندان,tehran,۱۵۰,۱۳۸۶,توافقی,,۴ از ۵,۳,1,1,1,1,35.749306,51.45326,gY_x0mAT
apartment-sell,آپارتمان,تهران,سیدخندان,tehran,۱۴۵,۱۴۰۰,توافقی,,۴ از ۵,۳,1,1,1,1,,,gYnZ5zcc
apartment-sell,آپارتمان,تهران,سیدخندان,tehran,۱۱۰,۱۳۸۰,۵٬۵۰۰٬۰۰۰٬۰۰۰ تومان,۵۰٬۰۰۰٬۰۰۰ تومان,۲ از ۴,۲,,1,1,1,,,gYspuUlg
apartment-sell,آپارتمان,تهران,سیدخندان,tehran,۱۶۸,۱۳۸۲,۸٬۵۰۰٬۰۰۰٬۰۰۰ تومان,۵۰٬۵۹۵٬۰۰۰ تومان,۲,۳,1,1,1,1,35.747223,51.45436,gY7VVrDW
apartment-sell,آپارتمان,تهران,سیدخندان,tehran,۱۱۵,۱۴۰۰,توافقی,,۵ از ۵,۲,1,1,1,1,35.744698,51.454544,gYmp58jZ
apartment-sell,آپارتمان,تهران,سیدخندان,tehran,۹۵,۱۴۰۰,۷٬۳۰۰٬۰۰۰٬۰۰۰ تومان,۷۶٬۸۴۲٬۰۰۰ تومان,۲ از ۵,۲,1,1,1,1,,,gY_ZU04f
apartment-sell,آپارتمان,تهران,بهار,tehran,۵۸,۱۳۹۰,توافقی,,۲ از ۵,۱,1,1,1,1,,,gY6VIoZy
apartment-sell,آپارتمان,تهران,سیدخندان,tehran,۱۳۲,۱۳۷۱,۷٬۰۰۰٬۰۰۰٬۰۰۰ تومان,۵۳٬۰۳۰٬۰۰۰ تومان,۱ از ۴,۳,,1,1,1,,,gYn5OtDU
apartment-sell,آپارتمان,تهران,سیدخندان,tehran,۱۱۵,۱۳۹۴,۵٬۵۵۰٬۰۰۰٬۰۰۰ تومان,۴۸٬۲۶۱٬۰۰۰ تومان,۳,۲,1,1,1,1,,,gY_5j-0l
apartment-sell,آپارتمان,تهران,سیدخندان,tehran,۸۱,۱۳۸۰,۳٬۸۵۰٬۰۰۰٬۰۰۰ تومان,۴۷٬۵۳۱٬۰۰۰ تومان,۱,۲,,1,1,1,35.745663,51.449306,gYs98Zll
apartment-sell,آپارتمان,تهران,سیدخندان,tehran,۸۳,۱۳۹۵,۵٬۸۰۰٬۰۰۰٬۰۰۰ تومان,۶۹٬۸۸۰٬۰۰۰ تومان,۳,۲,1,1,1,1,35.746292,51.45579,gY2hIyL7
apartment-sell,آپارتمان,تهران,سیدخندان,tehran,۸۲,۱۳۹۶,۵٬۴۰۰٬۰۰۰٬۰۰۰ تومان,۶۵٬۸۵۴٬۰۰۰ تومان,۵,۲,1,1,1,1,,,gYkJP8Py
apartment-sell,آپارتمان,تهران,سیدخندان,tehran,۹۰,۱۳۸۵,۵٬۲۰۰٬۰۰۰٬۰۰۰ تومان,۵۷٬۷۷۸٬۰۰۰ تومان,۳,۲,1,1,1,1,,,gY-lJxPW
apartment-sell,آپارتمان,تهران,سیدخندان,tehran,۱۰۸,۱۳۹۴,۶٬۵۰۰٬۰۰۰٬۰۰۰ تومان,۶۰٬۱۸۵٬۰۰۰ تومان,۳,۲,1,1,1,1,,,gY6lRGHL
apartment-sell,آپارتمان,تهران,سیدخندان,tehran,۱۲۰,۱۳۸۵,۶٬۱۰۰٬۰۰۰٬۰۰۰ تومان,۵۰٬۸۳۳٬۰۰۰ تومان,۳,۳,1,1,,1,,,gY-RoUyr
apartment-sell,آپارتمان,تهران,سیدخندان,tehran,۱۴۳,۱۴۰۰,۱۰٬۰۰۰٬۰۰۰٬۰۰۰ تومان,۶۹٬۹۳۰٬۰۰۰ تومان,۴ از ۵,۳,1,1,1,1,,,gY4FQ4oC
apartment-sell,آپارتمان,تهران,سیدخندان,tehran,۹۵,۱۳۸۲,۴٬۵۰۰٬۰۰۰٬۰۰۰ تومان,۴۷٬۳۶۸٬۰۰۰ تومان,۴,۲,1,1,1,1,,,gY-1kQkY
apartment-sell,آپارتمان,تهران,سیدخندان,tehran,۸۵,قبل از ۱۳۷۰,توافقی,,همکف,۱,,,1,1,,,gY-hi2Qo
apartment-sell,آپارتمان,تهران,سیدخندان,tehran,۹۸,۱۳۸۲,۵٬۳۰۰٬۰۰۰٬۰۰۰ تومان,۵۴٬۰۸۲٬۰۰۰ تومان,۳,۲,1,1,1,1,,,gY3lclJ1
apartment-sell,آپارتمان,تهران,سیدخندان,tehran,۷۰,۱۳۹۶,۳٬۹۷۵٬۰۰۰٬۰۰۰ تومان,۵۶٬۷۸۶٬۰۰۰ تومان,۲,۱,1,1,1,1,,,gY-pRKI5
apartment-sell,آپارتمان,تهران,سیدخندان,tehran,۱۱۷,۱۳۹۴,۶٬۸۰۰٬۰۰۰٬۰۰۰ تومان,۵۸٬۱۲۰٬۰۰۰ تومان,۳,۳,1,1,1,1,,,gY9tvKFS
apartment-sell,آپارتمان,تهران,سیدخندان,tehran,۸۵,۱۳۷۵,۴٬۲۵۰٬۰۰۰٬۰۰۰ تومان,۵۰٬۰۰۰٬۰۰۰ تومان,۱ از ۴,۲,1,1,1,1,35.74627936385,51.449966573626,gY9pvoa6
apartment-sell,آپارتمان,تهران,سیدخندان,tehran,۸۴,۱۳۷۳,۳٬۶۰۰٬۰۰۰٬۰۰۰ تومان,۴۲٬۸۵۷٬۰۰۰ تومان,۱ از ۴,۲,,,1,1,35.742588,51.451454,gY9B_GXq
apartment-sell,آپارتمان,تهران,سیدخندان,tehran,۱۲۲,قبل از ۱۳۷۰,۴٬۰۰۰٬۰۰۰٬۰۰۰ تومان,۳۲٬۷۸۷٬۰۰۰ تومان,۲ از ۳,۳,,,1,1,,,gY9dxykQ
apartment-sell,آپارتمان,تهران,سیدخندان,tehran,۸۶,۱۳۸۱,۳٬۶۰۰٬۰۰۰٬۰۰۰ تومان,۴۱٬۸۶۰٬۰۰۰ تومان,۳ از ۴,۲,,,1,1,35.74868552044,51.450708919948,gY9FC0j3
apartment-sell,آپارتمان,تهران,سیدخندان,tehran,۹۴,۱۳۹۲,۴٬۳۵۰٬۰۰۰٬۰۰۰ تومان,۴۶٬۲۷۷٬۰۰۰ تومان,۳,۲,1,1,1,1,,,gY9pR0_-
apartment-sell,آپارتمان,تهران,سیدخندان,tehran,۹۵,۱۳۸۸,توافقی,,۴,۳,1,1,1,1,,,gY9ZBqgd
apartment-sell,آپارتمان,تهران,سیدخندان,tehran,۱۰۰,۱۳۸۳,توافقی,,۲,۲,1,1,1,1,,,gY9Rx_Fp
apartment-sell,آپارتمان,تهران,سیدخندان,tehran,۱۷۰,۱۳۸۵,۹٬۵۰۰٬۰۰۰٬۰۰۰ تومان,۵۵٬۸۸۲٬۰۰۰ تومان,۲,۳,1,1,1,1,35.746838,51.453148,gY9NgLgc
apartment-sell,آپارتمان,تهران,سیدخندان,tehran,۶۳,۱۳۸۴,۲٬۵۹۰٬۰۰۰٬۰۰۰ تومان,۴۱٬۱۱۱٬۰۰۰ تومان,۵,۲,1,1,1,1,,,gY85_R2v
apartment-sell,آپارتمان,تهران,سیدخندان,tehran,۹۰,۱۳۹۷,توافقی,,۴,۲,1,1,1,1,,,gYa5sKEz
apartment-sell,آپارتمان,تهران,سیدخندان,tehran,۸۳,قبل از ۱۳۷۰,۴٬۰۰۰٬۰۰۰٬۰۰۰ تومان,۴۸٬۱۹۳٬۰۰۰ تومان,۲,۲,,,,1,35.74768,51.44971,gY49tqCf
apartment-sell,آپارتمان,تهران,سیدخندان,tehran,۱۰۰,۱۴۰۰,توافقی,,۳,۲,1,1,1,1,,,gY8xv5Wv
apartment-sell,آپارتمان,تهران,سیدخندان,tehran,۱۵۰,۱۳۸۵,توافقی,,۴ از ۵,۳,1,1,1,1,,,gY8V_KSW
apartment-sell,آپارتمان,تهران,سیدخندان,tehran,۸۲,۱۳۹۹,۵٬۳۳۰٬۰۰۰٬۰۰۰ تومان,۶۵٬۰۰۰٬۰۰۰ تومان,۴ از ۵,۲,1,1,1,1,35.745575705915,51.454860988339,gY8JfJrQ
apartment-sell,آپارتمان,تهران,سیدخندان,tehran,۱۳۰,۱۳۹۹,توافقی,,۳ از ۵,۳,1,1,1,1,35.744495,51.454575,gYzZcuR7
apartment-sell,آپارتمان,تهران,سیدخندان,tehran,۱۰۰,۱۳۸۵,۵٬۰۰۰٬۰۰۰٬۰۰۰ تومان,۵۰٬۰۰۰٬۰۰۰ تومان,۱,۲,1,1,1,1,,,gY2diXzh
apartment-sell,آپارتمان,تهران,سیدخندان,tehran,۷۵,۱۳۹۵,۴٬۳۰۰٬۰۰۰٬۰۰۰ تومان,۵۷٬۳۳۳٬۰۰۰ تومان,۴,۲,1,1,1,1,,,gY8tuIFT
apartment-sell,آپارتمان,تهران,سیدخندان,tehran,۱۴۰,۱۴۰۰,توافقی,,۳ از ۵,۳,1,1,1,1,,,gY8h9kzH
apartment-sell,آپارتمان,تهران,سیدخندان,tehran,۱۰۰,۱۳۸۵,توافقی,,۵,۲,1,1,1,1,,,gY8NdzBs
apartment-sell,آپارتمان,تهران,سیدخندان,tehran,۸۵,۱۴۰۰,۶٬۸۰۰٬۰۰۰٬۰۰۰ تومان,۸۰٬۰۰۰٬۰۰۰ تومان,۳,۲,1,1,1,1,,,gY818-Ea
apartment-sell,آپارتمان,تهران,سیدخندان,tehran,۱۵۶,قبل از ۱۳۷۰,توافقی,,۲ از ۳,۳,,,,1,,,gY8Bs-qu
apartment-sell,آپارتمان,تهران,سیدخندان,tehran,۶۸,۱۳۹۶,۴٬۱۰۰٬۰۰۰٬۰۰۰ تومان,۶۰٬۲۹۴٬۰۰۰ تومان,۲ از ۵,۱,1,1,1,1,,,gYdNmGVt
apartment-sell,آپارتمان,تهران,سیدخندان,tehran,۹۰,۱۳۹۹,۵٬۸۵۰٬۰۰۰٬۰۰۰ تومان,۶۵٬۰۰۰٬۰۰۰ تومان,۲ از ۴,۲,1,1,1,1,,,gY3lXKkT
apartment-sell,آپارتمان,تهران,سیدخندان,tehran,۴۷,۱۴۰۰,۲٬۵۰۰٬۰۰۰٬۰۰۰ تومان,۵۳٬۱۹۱٬۰۰۰ تومان,۱ از ۶,۱,1,1,1,1,,,gYlNFvjX
apartment-sell,آپارتمان,تهران,سیدخندان,tehran,۹۰,۱۳۹۷,۵٬۵۰۰٬۰۰۰٬۰۰۰ تومان,۶۱٬۱۱۱٬۰۰۰ تومان,۱,۲,1,1,1,1,,,gY318r8p
apartment-sell,آپارتمان,تهران,سیدخندان,tehran,۱۱۲,۱۳۹۸,۶٬۹۰۰٬۰۰۰٬۰۰۰ تومان,۶۱٬۶۰۷٬۰۰۰ تومان,۲,۲,1,1,,1,,,gY8hbjM5
apartment-sell,آپارتمان,تهران,سیدخندان,tehran,۹۶,۱۳۹۰,۵٬۳۰۰٬۰۰۰٬۰۰۰ تومان,۵۵٬۲۰۸٬۰۰۰ تومان,۱ از ۵,۲,1,1,1,1,,,gY8ZbfDe
apartment-sell,آپارتمان,تهران,سیدخندان,tehran,۹۰,۱۳۸۰,۴٬۳۰۰٬۰۰۰٬۰۰۰ تومان,۴۷٬۷۷۸٬۰۰۰ تومان,۴ از ۴,۲,1,1,1,1,,,gYnBIOHp
apartment-sell,آپارتمان,تهران,سیدخندان,tehran,۱۰۹,۱۴۰۰,توافقی,,۵ از ۵,۲,1,1,1,1,35.744717,51.454647,gY2VVlXe
apartment-sell,آپارتمان,تهران,سیدخندان,tehran,۱۰۵,۱۴۰۰,توافقی,,۲,۳,1,1,1,1,,,gY8Brg2j
apartment-sell,آپارتمان,تهران,سیدخندان,tehran,۸۱,۱۳۸۳,۳٬۹۵۰٬۰۰۰٬۰۰۰ تومان,۴۸٬۷۶۵٬۰۰۰ تومان,۱ از ۴,۲,,1,1,1,,,gY89qv0a
apartment-sell,آپارتمان,تهران,سیدخندان,tehran,۷۳,۱۳۹۵,۴٬۳۸۰٬۰۰۰٬۰۰۰ تومان,۶۰٬۰۰۰٬۰۰۰ تومان,۴,۲,1,1,1,1,,,gYeBdcRe
apartment-sell,آپارتمان,تهران,سیدخندان,tehran,۱۱۰,۱۴۰۰,توافقی,,۵,۲,1,1,1,1,,,gY8l6IEK
apartment-sell,آپارتمان,تهران,سیدخندان,tehran,۱۱۲,۱۴۰۰,توافقی,,۴,۲,1,1,1,1,,,gYlVRgYy
apartment-sell,آپارتمان,تهران,سیدخندان,tehran,۱۴۷,۱۳۹۸,۱۰٬۶۰۰٬۰۰۰٬۰۰۰ تومان,۷۲٬۱۰۹٬۰۰۰ تومان,۴,۳,1,1,,1,,,gYmJJsHd
apartment-sell,آپارتمان,تهران,سیدخندان,tehran,۹۲,۱۳۹۷,۵٬۴۸۰٬۰۰۰٬۰۰۰ تومان,۵۹٬۵۶۵٬۰۰۰ تومان,۲,۲,1,1,1,1,,,gYwRQsy-
apartment-sell,آپارتمان,تهران,سیدخندان,tehran,۲۶۲,۱۴۰۰,۲۲٬۰۰۰٬۰۰۰٬۰۰۰ تومان,۸۳٬۹۶۹٬۰۰۰ تومان,۴ از ۴,۱,1,1,1,1,,,gYWFtYC6
apartment-sell,آپارتمان,تهران,سیدخندان,tehran,۱۱۵,۱۳۹۵,۶٬۵۰۰٬۰۰۰٬۰۰۰ تومان,۵۶٬۵۲۲٬۰۰۰ تومان,۲,۲,1,1,1,1,35.751797,51.4643,gY8Vpi_3
apartment-sell,آپارتمان,تهران,سیدخندان,tehran,۷۰,۱۳۷۵,توافقی,,۴ از ۵,۲,,,1,1,,,gY798PKb
apartment-sell,آپارتمان,تهران,سیدخندان,tehran,۶۲,۱۳۹۳,۳٬۵۰۰٬۰۰۰٬۰۰۰ تومان,۵۶٬۴۵۲٬۰۰۰ تومان,۲,۲,1,1,1,1,,,gY79rMtg
apartment-sell,آپارتمان,تهران,سیدخندان,tehran,۶۲,۱۳۹۳,۳٬۵۰۰٬۰۰۰٬۰۰۰ تومان,۵۶٬۴۵۲٬۰۰۰ تومان,۲,۲,1,1,1,1,,,gY757fu6
apartment-sell,آپارتمان,تهران,سیدخندان,tehran,۱۵۰,۱۳۸۴,۸٬۱۵۰٬۰۰۰٬۰۰۰ تومان,۵۴٬۳۳۳٬۰۰۰ تومان,۴,۳,1,1,1,1,35.747748733172,51.453287601471,gYzFnjR7
apartment-sell,آپارتمان,تهران,سیدخندان,tehran,۱۰۰,۱۴۰۰,۱٬۲۳۰٬۰۰۰٬۰۰۰ تومان,۱۲٬۳۰۰٬۰۰۰ تومان,۴,۲,1,1,1,1,35.743008,51.458714,gY7l7KJH
apartment-sell,آپارتمان,تهران,سیدخندان,tehran,۸۴,۱۴۰۰,۶٬۰۰۰٬۰۰۰٬۰۰۰ تومان,۷۱٬۴۲۹٬۰۰۰ تومان,۵ از ۵,۲,1,1,1,1,,,gYmpmOov
apartment-sell,آپارتمان,تهران,سیدخندان,tehran,۵۸,۱۴۰۰,توافقی,,۴ از ۴,۱,1,1,,1,,,gY7VKCGw
apartment-sell,آپارتمان,تهران,سیدخندان,tehran,۱۱۰,۱۳۹۵,توافقی,,۲ از ۵,۲,1,1,1,1,,,gY7lKVZa
apartment-sell,آپارتمان,تهران,سیدخندان,tehran,۸۱,۱۳۹۷,۳٬۶۰۰٬۰۰۰٬۰۰۰ تومان,۴۴٬۴۴۴٬۰۰۰ تومان,۲,۲,1,1,1,1,,,gYq91Pjd
apartment-sell,آپارتمان,تهران,سیدخندان,tehran,۱۰۸,۱۴۰۰,۷٬۰۰۰٬۰۰۰٬۰۰۰ تومان,۶۴٬۸۱۵٬۰۰۰ تومان,۱,۲,1,1,1,1,,,gYutXu7z
apartment-sell,آپارتمان,تهران,سیدخندان,tehran,۱۳۰,۱۳۷۳,۵٬۶۰۰٬۰۰۰٬۰۰۰ تومان,۴۳٬۰۷۷٬۰۰۰ تومان,۳ از ۴,۳,,1,1,1,35.744644,51.45455,gY7FqxZu
apartment-sell,آپارتمان,تهران,سیدخندان,tehran,۹۷,۱۴۰۰,توافقی,,۳ از ۴,۲,1,1,,1,,,gY795fXD
apartment-sell,آپارتمان,تهران,سیدخندان,tehran,۱۳۵,۱۳۷۵,توافقی,,۳,۲,,1,1,1,,,gYUFCXkK
apartment-sell,آپارتمان,تهران,سیدخندان,tehran,۱۰۷,۱۴۰۰,۸٬۲۰۰٬۰۰۰٬۰۰۰ تومان,۷۶٬۶۳۶٬۰۰۰ تومان,۵,۲,1,1,1,1,,,gYVN4BZY
apartment-sell,آپارتمان,تهران,سیدخندان,tehran,۱۰۸,۱۳۹۴,توافقی,,۳,۲,1,1,1,1,,,gYzVMCcA
apartment-sell,آپارتمان,تهران,سیدخندان,tehran,۹۵,۱۴۰۰,توافقی,,۳,۲,1,1,1,1,,,gYzJMLKO
apartment-sell,آپارتمان,تهران,سیدخندان,tehran,۱۴۸,۱۳۸۵,توافقی,,۴,۳,1,1,,1,,,gY35GQnx
apartment-sell,آپارتمان,تهران,سیدخندان,tehran,۱۲۸,۱۳۷۵,توافقی,,۳,۳,1,1,1,1,,,gY3hXt85
apartment-sell,آپارتمان,تهران,سیدخندان,tehran,۱۴۳,۱۴۰۰,۱۰٬۷۲۵٬۰۰۰٬۰۰۰ تومان,۷۵٬۰۰۰٬۰۰۰ تومان,۲,۳,1,1,1,1,,,gY7xXj74
apartment-sell,آپارتمان,تهران,سیدخندان,tehran,۱۱۶,۱۳۷۲,توافقی,,۳,۲,,1,1,1,,,gY7p3ol2
apartment-sell,آپارتمان,تهران,سیدخندان,tehran,۱۳۰,۱۴۰۰,۸٬۹۰۰٬۰۰۰٬۰۰۰ تومان,۶۸٬۴۶۲٬۰۰۰ تومان,۴ از ۵,۳,1,1,1,1,35.743481948477,51.454639434814,gY7lHO0p
apartment-sell,آپارتمان,تهران,سیدخندان,tehran,۱۵۵,۱۳۹۷,توافقی,,۳,۳,1,1,1,1,,,gY7JHDTO
apartment-sell,آپارتمان,تهران,سیدخندان,tehran,۱۵۰,۱۳۸۷,۸٬۱۵۰٬۰۰۰٬۰۰۰ تومان,۵۴٬۳۳۳٬۰۰۰ تومان,۴ از ۵,۳,1,1,1,1,,,gY7R3MWA
apartment-sell,آپارتمان,تهران,سیدخندان,tehran,۱۲۸,۱۳۹۶,۶٬۱۰۰٬۰۰۰٬۰۰۰ تومان,۴۷٬۶۵۶٬۰۰۰ تومان,۴,۳,1,1,1,1,,,gYuZTT_M
apartment-sell,آپارتمان,تهران,سیدخندان,tehran,۹۴,۱۳۹۰,۵٬۱۷۰٬۰۰۰٬۰۰۰ تومان,۵۵٬۰۰۰٬۰۰۰ تومان,۲ از ۵,۲,1,1,1,1,,,gY7tm72k
apartment-sell,آپارتمان,تهران,سیدخندان,tehran,۱۱۵,۱۴۰۰,توافقی,,۲ از ۵,۲,1,1,1,1,,,gY5JCaRZ
apartment-sell,آپارتمان,تهران,سیدخندان,tehran,۱۴۰,۱۴۰۰,توافقی,,۲,۳,1,1,1,1,,,gY7FHnGi
apartment-sell,آپارتمان,تهران,سیدخندان,tehran,۹۰,۱۳۸۳,۴٬۳۹۰٬۰۰۰٬۰۰۰ تومان,۴۸٬۷۷۸٬۰۰۰ تومان,۳,۲,1,1,1,1,,,gY2di45f
apartment-sell,آپارتمان,تهران,سیدخندان,tehran,۱۵۷,۱۴۰۰,توافقی,,۳ از ۵,۳,1,1,1,1,,,gY41L_TM
apartment-sell,آپارتمان,تهران,سیدخندان,tehran,۸۰,۱۳۸۶,۳٬۵۵۰٬۰۰۰٬۰۰۰ تومان,۴۴٬۳۷۵٬۰۰۰ تومان,۲,۱,1,1,,1,,,gY7BnfjD
apartment-sell,آپارتمان,تهران,سیدخندان,tehran,۱۲۱,۱۳۷۴,توافقی,,۲ از ۴,۳,,1,1,1,,,gYfxLHCj
apartment-sell,آپارتمان,تهران,سیدخندان,tehran,۹۰,۱۳۸۱,۴٬۰۰۰٬۰۰۰٬۰۰۰ تومان,۴۴٬۴۴۴٬۰۰۰ تومان,۳ از ۴,۲,,1,,1,,,gYs5szwH
apartment-sell,آپارتمان,تهران,سیدخندان,tehran,۹۷,۱۴۰۰,۷٬۲۷۵٬۰۰۰٬۰۰۰ تومان,۷۵٬۰۰۰٬۰۰۰ تومان,۱ از ۵,۲,1,1,1,1,,,gY4Btvwq
apartment-sell,آپارتمان,تهران,سیدخندان,tehran,۹۷,۱۳۸۳,۴٬۹۵۰٬۰۰۰٬۰۰۰ تومان,۵۱٬۰۳۱٬۰۰۰ تومان,۴,۲,1,1,1,1,,,gY7VWHUG
apartment-sell,آپارتمان,تهران,سیدخندان,tehran,۱۲۵,۱۳۷۱,۶٬۲۰۰٬۰۰۰٬۰۰۰ تومان,۴۹٬۶۰۰٬۰۰۰ تومان,۲ از ۴,۳,,1,1,1,,,gY7RWMCS
apartment-sell,آپارتمان,تهران,سیدخندان,tehran,۱۵۳,۱۴۰۰,توافقی,,۲,۳,1,1,1,1,,,gY6NgcC8
apartment-sell,آپارتمان,تهران,سیدخندان,tehran,۱۶۰,۱۳۸۰,۷٬۷۰۰٬۰۰۰٬۰۰۰ تومان,۴۸٬۱۲۵٬۰۰۰ تومان,۱ از ۴,۳,,1,1,1,,,gY7N2qE1
apartment-sell,آپارتمان,تهران,سیدخندان,tehran,۷۳,۱۳۹۳,توافقی,,۴,۲,1,1,1,1,,,gY41rUZn
apartment-sell,آپارتمان,تهران,سیدخندان,tehran,۱۳۱,۱۳۸۵,۶٬۰۰۰٬۰۰۰٬۰۰۰ تومان,۴۵٬۸۰۲٬۰۰۰ تومان,۵,۳,1,1,1,1,,,gY7xF6Bj
apartment-sell,آپارتمان,تهران,سیدخندان,tehran,۱۱۵,۱۳۹۶,توافقی,,۵,۲,1,1,1,1,,,gY7t128a
apartment-sell,آپارتمان,تهران,سیدخندان,tehran,۱۱۷,۱۳۷۴,توافقی,,۴,۳,,1,1,1,,,gY7pVBt7
apartment-sell,آپارتمان,تهران,سیدخندان,tehran,۵۹,۱۳۷۸,توافقی,,۴,۱,,,,1,,,gY7hVAxg
apartment-sell,آپارتمان,تهران,سیدخندان,tehran,۹۴,۱۳۸۱,۴٬۶۰۰٬۰۰۰٬۰۰۰ تومان,۴۸٬۹۳۶٬۰۰۰ تومان,۴,۲,1,1,1,1,,,gY7lUdS7
apartment-sell,آپارتمان,تهران,سیدخندان,tehran,۹۰,۱۳۹۸,۵٬۶۷۰٬۰۰۰٬۰۰۰ تومان,۶۳٬۰۰۰٬۰۰۰ تومان,۲,۲,1,1,1,1,,,gY7V1XkB
apartment-sell,آپارتمان,تهران,سیدخندان,tehran,۱۲۱,۱۳۸۱,۶٬۳۰۰٬۰۰۰٬۰۰۰ تومان,۵۲٬۰۶۶٬۰۰۰ تومان,۴,۳,1,1,1,1,,,gY7h1xRi
apartment-sell,آپارتمان,تهران,سیدخندان,tehran,۹۵,۱۳۹۵,توافقی,,۵ از ۵,۲,1,1,1,1,,,gY7h1H31
apartment-sell,آپارتمان,تهران,سیدخندان,tehran,۱۵۰,۱۴۰۰,توافقی,,۴,۳,1,1,1,1,,,gYqZodgk
apartment-sell,آپارتمان,تهران,سیدخندان,tehran,۱۲۲,۱۴۰۰,۶٬۴۶۶٬۰۰۰٬۰۰۰ تومان,۵۳٬۰۰۰٬۰۰۰ تومان,۳,۳,1,1,1,1,,,gYzh6yPW
apartment-sell,آپارتمان,تهران,سیدخندان,tehran,۶۷,۱۳۹۵,۳٬۹۵۰٬۰۰۰٬۰۰۰ تومان,۵۸٬۹۵۵٬۰۰۰ تومان,۲ از ۵,۱,1,1,1,1,35.743774234069,51.459278535793,gYtNjGoK
apartment-sell,آپارتمان,تهران,سیدخندان,tehran,۱۶۰,۱۴۰۰,۱۱٬۸۵۰٬۰۰۰٬۰۰۰ تومان,۷۴٬۰۶۲٬۰۰۰ تومان,۳ از ۵,۲,1,1,1,1,,,gY3dbpdc
apartment-sell,آپارتمان,تهران,سیدخندان,tehran,۲۶,قبل از ۱۳۷۰,۱٬۲۵۰٬۰۰۰٬۰۰۰ تومان,۴۸٬۰۷۷٬۰۰۰ تومان,زیرهمکف,بدون اتاق,,,,1,,,gY7pEgAN
apartment-sell,آپارتمان,تهران,سیدخندان,tehran,۱۰۰,۱۴۰۰,توافقی,,۲ از ۴,۲,1,1,1,1,,,gYuVCJJj
apartment-sell,آپارتمان,تهران,سیدخندان,tehran,۸۵,۱۳۹۹,توافقی,,۴ از ۵,۲,1,1,1,1,,,gY7l0wJP
apartment-sell,آپارتمان,تهران,سیدخندان,tehran,۴۲۵,۱۴۰۰,توافقی,,۴ از ۴,۲,1,1,1,1,,,gY1Fk_sY
apartment-sell,آپارتمان,تهران,سیدخندان,tehran,۹۳,۱۳۸۰,۵٬۵۰۰٬۰۰۰٬۰۰۰ تومان,۵۹٬۱۴۰٬۰۰۰ تومان,۵,۲,1,1,1,1,,,gY7pj2y1
apartment-sell,آپارتمان,تهران,سیدخندان,tehran,۱۱۷,۱۳۸۵,۶٬۰۰۰٬۰۰۰٬۰۰۰ تومان,۵۱٬۲۸۲٬۰۰۰ تومان,۱ از ۵,۲,1,1,1,1,35.743484,51.454197,gY69GjMc
apartment-sell,آپارتمان,تهران,سیدخندان,tehran,۹۸,۱۴۰۰,توافقی,,۳ از ۴,۲,1,1,1,1,35.745430244981,51.455823082398,gY61WMtv
apartment-sell,آپارتمان,تهران,سیدخندان,tehran,۵۶,۱۳۸۷,۲٬۳۰۰٬۰۰۰٬۰۰۰ تومان,۴۱٬۰۷۱٬۰۰۰ تومان,۴,۲,1,,1,1,,,gY6xmvWT
apartment-sell,آپارتمان,تهران,سیدخندان,tehran,۷۰,۱۳۷۱,۳٬۲۰۰٬۰۰۰٬۰۰۰ تومان,۴۵٬۷۱۴٬۰۰۰ تومان,۱,۲,,1,1,1,,,gY6JmDgw
apartment-sell,آپارتمان,تهران,سیدخندان,tehran,۱۰۵,۱۳۷۳,۴٬۶۰۰٬۰۰۰٬۰۰۰ تومان,۴۳٬۸۱۰٬۰۰۰ تومان,۱ از ۴,۲,,1,1,1,,,gY6FG-cz
apartment-sell,آپارتمان,تهران,سیدخندان,tehran,۹۳,۱۳۸۴,توافقی,,۵ از ۵,۲,1,1,1,1,,,gY65V6DP
apartment-sell,آپارتمان,تهران,سیدخندان,tehran,۹۲,۱۳۹۱,۵٬۳۵۰٬۰۰۰٬۰۰۰ تومان,۵۸٬۱۵۲٬۰۰۰ تومان,۵,۲,1,1,1,1,,,gY61EGkm
apartment-sell,آپارتمان,تهران,سیدخندان,tehran,۱۱۷,۱۳۸۰,توافقی,,۵,۲,1,1,1,1,,,gY6N1Rtn
apartment-sell,آپارتمان,تهران,سیدخندان,tehran,۹۷,۱۳۹۷,۶٬۵۰۰٬۰۰۰٬۰۰۰ تومان,۶۷٬۰۱۰٬۰۰۰ تومان,۴,۲,1,1,1,1,,,gY21CBsp
apartment-sell,آپارتمان,تهران,سیدخندان,tehran,۱۱۰,۱۳۹۵,۶٬۵۰۰٬۰۰۰٬۰۰۰ تومان,۵۹٬۰۹۱٬۰۰۰ تومان,۳,۲,1,1,1,1,,,gY6N0zoU
apartment-sell,آپارتمان,تهران,سیدخندان,tehran,۹۵,۱۳۹۴,۵٬۳۵۰٬۰۰۰٬۰۰۰ تومان,۵۶٬۳۱۶٬۰۰۰ تومان,۵ از ۵,۲,1,1,1,1,,,gY6lkyVH
apartment-sell,آپارتمان,تهران,سیدخندان,tehran,۱۰۲,۱۳۹۹,۴٬۲۹۰٬۰۰۰٬۰۰۰ تومان,۴۲٬۰۵۹٬۰۰۰ تومان,۴,۲,1,1,1,1,35.727947,51.451443,gY6F0dXq
apartment-sell,آپارتمان,تهران,سیدخندان,tehran,۱۳۴,۱۴۰۰,۷٬۸۰۰٬۰۰۰٬۰۰۰ تومان,۵۸٬۲۰۹٬۰۰۰ تومان,۲,۳,1,1,1,1,35.75158,51.46475,gY6RT6kD
apartment-sell,آپارتمان,تهران,سیدخندان,tehran,۱۵۰,۱۳۹۹,توافقی,,۴,۳,1,1,1,1,35.748634,51.455875,gY6NjkpN
apartment-sell,آپارتمان,تهران,سیدخندان,tehran,۴۵,۱۳۷۱,۱٬۵۵۰٬۰۰۰٬۰۰۰ تومان,۳۴٬۴۴۴٬۰۰۰ تومان,۴,۱,,1,1,1,,,gY65yyFv
apartment-sell,آپارتمان,تهران,سیدخندان,tehran,۱۳۰,۱۳۸۰,۶٬۵۰۰٬۰۰۰٬۰۰۰ تومان,۵۰٬۰۰۰٬۰۰۰ تومان,۵ از ۵,۳,1,1,1,1,,,gYlRxG-T
apartment-sell,آپارتمان,تهران,سیدخندان,tehran,۱۲۳,۱۳۹۲,توافقی,,۴,۳,1,1,1,1,,,gYdB644Q
apartment-sell,آپارتمان,تهران,سیدخندان,tehran,۷۴,۱۳۸۸,توافقی,,۳,۲,1,1,1,1,,,gYzd7R0B
apartment-sell,آپارتمان,تهران,سیدخندان,tehran,۱۵۵,۱۳۹۷,توافقی,,۵ از ۵,۳,1,1,1,1,,,gY6RCJSi
apartment-sell,آپارتمان,تهران,سیدخندان,tehran,۱۵۰,۱۳۸۴,۸٬۳۹۰٬۰۰۰٬۰۰۰ تومان,۵۵٬۹۳۳٬۰۰۰ تومان,۴,۳,1,1,1,1,,,gY6Bikco
apartment-sell,آپارتمان,تهران,سیدخندان,tehran,۶۸,۱۳۹۷,۳٬۸۹۰٬۰۰۰٬۰۰۰ تومان,۵۷٬۲۰۶٬۰۰۰ تومان,۲,۱,1,1,1,1,,,gY6ByaO4
apartment-sell,آپارتمان,تهران,سیدخندان,tehran,۱۶۵,۱۴۰۰,۹٬۴۰۰٬۰۰۰٬۰۰۰ تومان,۵۶٬۹۷۰٬۰۰۰ تومان,۴,۳,1,1,1,1,,,gYsxym6f
apartment-sell,آپارتمان,تهران,سیدخندان,tehran,۱۱۵,۱۳۸۳,۴٬۸۰۰٬۰۰۰٬۰۰۰ تومان,۴۱٬۷۳۹٬۰۰۰ تومان,۳ از ۴,۳,,1,1,1,,,gY6FiJMx
apartment-sell,آپارتمان,تهران,سیدخندان,tehran,۹۱,۱۳۹۴,۵٬۰۰۰٬۰۰۰٬۰۰۰ تومان,۵۴٬۹۴۵٬۰۰۰ تومان,۴ از ۵,۲,1,1,1,1,35.74806,51.45137,gYqJigaj
apartment-sell,آپارتمان,تهران,سیدخندان,tehran,۱۴۵,۱۳۹۳,توافقی,,۳ از ۵,۳,1,1,1,1,,,gY2RToQa
apartment-sell,آپارتمان,تهران,سیدخندان,tehran,۱۲۰,۱۳۹۱,۷٬۴۰۰٬۰۰۰٬۰۰۰ تومان,۶۱٬۶۶۷٬۰۰۰ تومان,۲ از ۲,۲,1,1,1,1,35.749626,51.453484,gY6ZRsOL
apartment-sell,آپارتمان,تهران,سیدخندان,tehran,۱۱۵,۱۳۸۵,۶٬۱۰۰٬۰۰۰٬۰۰۰ تومان,۵۳٬۰۴۳٬۰۰۰ تومان,۲,۳,1,1,1,1,,,gYsFtjLo
apartment-sell,آپارتمان,تهران,سیدخندان,tehran,۹۴,۱۳۸۹,توافقی,,۳,۲,1,1,1,1,,,gY6Fxvqz
apartment-sell,آپارتمان,تهران,سیدخندان,tehran,۱۰۷,۱۴۰۰,توافقی,,۵,۲,1,1,1,1,,,gY6VAaC6
apartment-sell,آپارتمان,تهران,سیدخندان,tehran,۱۶۰,۱۳۷۱,توافقی,,۲,۳,,1,1,1,,,gY6dAj-T
apartment-sell,آپارتمان,تهران,سیدخندان,tehran,۱۲۰,۱۳۹۲,۷٬۳۰۰٬۰۰۰٬۰۰۰ تومان,۶۰٬۸۳۳٬۰۰۰ تومان,۳,۲,1,1,1,1,,,gY6pAClT
apartment-sell,آپارتمان,تهران,سیدخندان,tehran,۱۲۹,۱۳۹۹,۶٬۱۰۰٬۰۰۰٬۰۰۰ تومان,۴۷٬۲۸۷٬۰۰۰ تومان,۴,۳,1,1,1,1,,,gY6JwmbD
apartment-sell,آپارتمان,تهران,سیدخندان,tehran,۱۱۵,۱۳۹۱,۶٬۵۰۰٬۰۰۰٬۰۰۰ تومان,۵۶٬۵۲۲٬۰۰۰ تومان,۳,۳,1,1,1,1,35.75098,51.451958,gY3JFOnA
apartment-sell,آپارتمان,تهران,سیدخندان,tehran,۱۵۷,قبل از ۱۳۷۰,۷٬۵۰۰٬۰۰۰٬۰۰۰ تومان,۴۷٬۷۷۱٬۰۰۰ تومان,۳,۳,,1,1,1,,,gY6FQ02D
apartment-sell,آپارتمان,تهران,سیدخندان,tehran,۸۸,۱۳۸۰,۴٬۳۰۰٬۰۰۰٬۰۰۰ تومان,۴۸٬۸۶۴٬۰۰۰ تومان,۲,۲,,1,1,1,,,gY6NQnQL
apartment-sell,آپارتمان,تهران,سیدخندان,tehran,۹۶,۱۳۹۰,۵٬۲۰۰٬۰۰۰٬۰۰۰ تومان,۵۴٬۱۶۷٬۰۰۰ تومان,۱,۲,1,1,1,1,35.745445,51.45355,gY2xASRV
apartment-sell,آپارتمان,تهران,سیدخندان,tehran,۱۳۷,۱۳۸۰,۶٬۲۰۰٬۰۰۰٬۰۰۰ تومان,۴۵٬۲۵۵٬۰۰۰ تومان,۲,۳,,1,1,1,35.746742,51.45369,gYoxdRt-
apartment-sell,آپارتمان,تهران,سیدخندان,tehran,۸۳,۱۳۹۶,۵٬۱۰۶٬۰۰۰٬۰۰۰ تومان,۶۱٬۵۱۸٬۰۰۰ تومان,۱,۲,1,1,1,1,,,gY3JGSjP
apartment-sell,آپارتمان,تهران,سیدخندان,tehran,۱۶۰,۱۳۹۵,۸٬۵۰۰٬۰۰۰٬۰۰۰ تومان,۵۳٬۱۲۵٬۰۰۰ تومان,۵,۳,1,1,1,1,35.745232228641,51.462224721909,gY45bRwf
apartment-sell,آپارتمان,تهران,سیدخندان,tehran,۱۳۰,۱۳۹۳,۷٬۳۰۰٬۰۰۰٬۰۰۰ تومان,۵۶٬۱۵۴٬۰۰۰ تومان,۴,۳,1,1,1,1,,,gY6JAOgr
apartment-sell,آپارتمان,تهران,سیدخندان,tehran,۹۲,۱۳۸۴,۵٬۵۰۰٬۰۰۰٬۰۰۰ تومان,۵۹٬۷۸۳٬۰۰۰ تومان,۶ از ۶,۲,1,1,1,1,,,gY6FgIS_
apartment-sell,آپارتمان,تهران,سیدخندان,tehran,۹۰,۱۳۷۵,۴٬۵۰۰٬۰۰۰٬۰۰۰ تومان,۵۰٬۰۰۰٬۰۰۰ تومان,۱,۲,,1,1,1,,,gY6BApVC
apartment-sell,آپارتمان,تهران,سیدخندان,tehran,۱۵۸,۱۳۸۶,۷٬۴۰۰٬۰۰۰٬۰۰۰ تومان,۴۶٬۸۳۵٬۰۰۰ تومان,۱,۳,1,1,1,1,,,gY51fOZ4
apartment-sell,آپارتمان,تهران,سیدخندان,tehran,۱۳۰,۱۴۰۰,۹٬۶۰۰٬۰۰۰٬۰۰۰ تومان,۷۳٬۸۴۶٬۰۰۰ تومان,۱ از ۵,۳,1,1,1,1,,,gY5NPoPQ
apartment-sell,آپارتمان,تهران,سیدخندان,tehran,۱۵۰,۱۳۹۹,توافقی,,۴,۳,1,1,1,1,,,gY5tl2Zb
apartment-sell,آپارتمان,تهران,سیدخندان,tehran,۱۰۰,۱۳۸۵,۵٬۰۰۰٬۰۰۰٬۰۰۰ تومان,۵۰٬۰۰۰٬۰۰۰ تومان,۱,۲,1,,1,1,,,gY5Rz0H0
apartment-sell,آپارتمان,تهران,سیدخندان,tehran,۹۴,۱۳۸۵,توافقی,,۳,۲,,,,1,,,gY5Nj06h
apartment-sell,آپارتمان,تهران,سیدخندان,tehran,۷۰,۱۳۷۸,۲٬۵۵۰٬۰۰۰٬۰۰۰ تومان,۳۶٬۴۲۹٬۰۰۰ تومان,۴,۲,,,,1,,,gY5BTxxu
apartment-sell,آپارتمان,تهران,سیدخندان,tehran,۱۴۰,۱۴۰۰,۱۰٬۰۰۰٬۰۰۰٬۰۰۰ تومان,۷۱٬۴۲۹٬۰۰۰ تومان,۱ از ۱۰,۳,1,1,1,1,35.74918,51.452908,gY5pRQHi
apartment-sell,آپارتمان,تهران,سیدخندان,tehran,۱۳۵,۱۳۸۵,۶٬۳۰۰٬۰۰۰٬۰۰۰ تومان,۴۶٬۶۶۷٬۰۰۰ تومان,۲,۳,,1,1,1,35.753952,51.45357,gY5NBdVI
apartment-sell,آپارتمان,تهران,سیدخندان,tehran,۸۸,۱۴۰۰,۶٬۶۰۰٬۰۰۰٬۰۰۰ تومان,۷۵٬۰۰۰٬۰۰۰ تومان,۲ از ۲,۲,1,1,1,1,,,gYsxOIum
apartment-sell,آپارتمان,تهران,سیدخندان,tehran,۱۶۰,۱۳۸۵,۷٬۳۸۰٬۰۰۰٬۰۰۰ تومان,۴۶٬۱۲۵٬۰۰۰ تومان,همکف,۳,1,1,1,1,,,gY5pQi-9
apartment-sell,آپارتمان,تهران,سیدخندان,tehran,۱۰۳,۱۴۰۰,۷٬۷۲۵٬۰۰۰٬۰۰۰ تومان,۷۵٬۰۰۰٬۰۰۰ تومان,۴ از ۶,۲,1,1,1,1,,,gYstOBv1
apartment-sell,آپارتمان,تهران,سیدخندان,tehran,۱۴۰,۱۴۰۰,۱۰٬۵۰۰٬۰۰۰٬۰۰۰ تومان,۷۵٬۰۰۰٬۰۰۰ تومان,۳ از ۵,۳,1,1,1,1,,,gYsN_xik
apartment-sell,آپارتمان,تهران,سیدخندان,tehran,۱۱۵,۱۴۰۰,۷٬۱۰۰٬۰۰۰٬۰۰۰ تومان,۶۱٬۷۳۹٬۰۰۰ تومان,۱ از ۵,۲,1,1,1,1,35.743076,51.456116,gY5VQVcl
apartment-sell,آپارتمان,تهران,سیدخندان,tehran,۱۱۰,۱۴۰۰,توافقی,,۴ از ۵,۲,1,1,1,1,35.748726,51.45022,gYmVZV4o
apartment-sell,آپارتمان,تهران,سیدخندان,tehran,۱۱۴,۱۴۰۰,۷٬۹۸۰٬۰۰۰٬۰۰۰ تومان,۷۰٬۰۰۰٬۰۰۰ تومان,۲,۲,1,1,1,1,,,gY45_bnt
apartment-sell,آپارتمان,تهران,سیدخندان,tehran,۲۰۲,۱۳۸۳,۹٬۰۰۰٬۰۰۰٬۰۰۰ تومان,۴۴٬۵۵۴٬۰۰۰ تومان,۳,۳,1,1,1,1,,,gY4tuaAr
apartment-sell,آپارتمان,تهران,سیدخندان,tehran,۹۰,۱۳۹۶,۶٬۲۵۰٬۰۰۰٬۰۰۰ تومان,۶۹٬۴۴۴٬۰۰۰ تومان,۴ از ۵,۲,1,1,1,1,35.746871058927,51.454642072453,gYnBJwhM
apartment-sell,آپارتمان,تهران,سیدخندان,tehran,۱۴۵,۱۴۰۰,۱۰٬۸۷۵٬۰۰۰٬۰۰۰ تومان,۷۵٬۰۰۰٬۰۰۰ تومان,۲,۳,1,1,1,1,35.746902,51.450275,gY4Btr2d
apartment-sell,آپارتمان,تهران,سیدخندان,tehran,۱۴۵,۱۳۹۹,۱۰٬۱۵۰٬۰۰۰٬۰۰۰ تومان,۷۰٬۰۰۰٬۰۰۰ تومان,۴,۳,1,1,1,1,,,gY4pcECq
apartment-sell,آپارتمان,تهران,سیدخندان,tehran,۱۳۵,۱۳۷۴,توافقی,,۱,۳,,1,1,1,,,gY4lsJYT
apartment-sell,آپارتمان,تهران,سیدخندان,tehran,۹۷,قبل از ۱۳۷۰,۳٬۳۹۰٬۰۰۰٬۰۰۰ تومان,۳۴٬۹۴۸٬۰۰۰ تومان,۳,۲,,,,1,,,gY4VcduG
apartment-sell,آپارتمان,تهران,سیدخندان,tehran,۶۴,۱۳۸۵,توافقی,,۳ از ۵,۲,1,1,,1,,,gYuBEXua
apartment-sell,آپارتمان,تهران,سیدخندان,tehran,۷۵,۱۳۸۳,۴٬۱۲۵٬۰۰۰٬۰۰۰ تومان,۵۵٬۰۰۰٬۰۰۰ تومان,۱,۲,1,,1,1,35.751797908638,51.461443196954,gY4BM0uv
apartment-sell,آپارتمان,تهران,سیدخندان,tehran,۱۵۷,۱۳۸۳,توافقی,,۱,۳,1,1,1,1,,,gY49LotL
apartment-sell,آپارتمان,تهران,سیدخندان,tehran,۱۴۰,۱۴۰۰,۹٬۶۶۰٬۰۰۰٬۰۰۰ تومان,۶۹٬۰۰۰٬۰۰۰ تومان,۴ از ۵,۳,1,1,1,1,35.747174176404,51.456105120519,gY4RcRBz
apartment-sell,آپارتمان,تهران,سیدخندان,tehran,۱۵۵,۱۴۰۰,۱۰٬۰۰۰٬۰۰۰٬۰۰۰ تومان,۶۴٬۵۱۶٬۰۰۰ تومان,۲ از ۵,۳,1,1,1,1,,,gY457TNf
apartment-sell,آپارتمان,تهران,سیدخندان,tehran,۹۱,۱۳۹۴,۴٬۲۰۰٬۰۰۰٬۰۰۰ تومان,۴۶٬۱۵۴٬۰۰۰ تومان,۴,۲,1,1,,1,,,gY4xr9Lv
apartment-sell,آپارتمان,تهران,سیدخندان,tehran,۱۵۰,۱۴۰۰,۱۰٬۶۰۰٬۰۰۰٬۰۰۰ تومان,۷۰٬۶۶۷٬۰۰۰ تومان,۴ از ۵,۳,1,1,,1,,,gY49LuB4
apartment-sell,آپارتمان,تهران,سیدخندان,tehran,۲۲۵,۱۳۷۱,توافقی,,۱,۴,,,1,1,,,gY45rIF5
apartment-sell,آپارتمان,تهران,سیدخندان,tehran,۱۱۵,۱۴۰۰,۷٬۱۰۰٬۰۰۰٬۰۰۰ تومان,۶۱٬۷۳۹٬۰۰۰ تومان,۴,۳,1,1,1,1,,,gY4dLyUK
apartment-sell,آپارتمان,تهران,سیدخندان,tehran,۵۸,۱۴۰۰,توافقی,,۳,۱,1,1,1,1,35.746834035342,51.453642084192,gY4p7n2q
apartment-sell,آپارتمان,تهران,سیدخندان,tehran,۱۰۸,۱۴۰۰,۷٬۶۰۰٬۰۰۰٬۰۰۰ تومان,۷۰٬۳۷۰٬۰۰۰ تومان,۳ از ۵,۲,1,1,1,1,35.747482,51.460514,gY2Jzb9k
apartment-sell,آپارتمان,تهران,سیدخندان,tehran,۱۵۵,۱۳۸۷,۶٬۹۷۵٬۰۰۰٬۰۰۰ تومان,۴۵٬۰۰۰٬۰۰۰ تومان,۵ از ۵,۳,1,1,1,1,,,gY4h7Qgj
apartment-sell,آپارتمان,تهران,سیدخندان,tehran,۱۰۲,۱۳۹۸,۶٬۶۳۰٬۰۰۰٬۰۰۰ تومان,۶۵٬۰۰۰٬۰۰۰ تومان,۳ از ۵,۳,1,1,1,1,,,gYzVYN7L
apartment-sell,آپارتمان,تهران,سیدخندان,tehran,۱۵۳,۱۳۹۶,۸٬۹۵۰٬۰۰۰٬۰۰۰ تومان,۵۸٬۴۹۷٬۰۰۰ تومان,۱,۳,1,1,1,1,,,gYuNk-mS
apartment-sell,آپارتمان,تهران,سیدخندان,tehran,۹۸,۱۴۰۰,۶٬۳۷۰٬۰۰۰٬۰۰۰ تومان,۶۵٬۰۰۰٬۰۰۰ تومان,۱,۲,1,1,1,1,,,gY4Jr7j3
apartment-sell,آپارتمان,تهران,سیدخندان,tehran,۹۷,۱۴۰۰,۷٬۲۷۵٬۰۰۰٬۰۰۰ تومان,۷۵٬۰۰۰٬۰۰۰ تومان,۱ از ۵,۲,1,1,1,1,,,gY4pq4HM
apartment-sell,آپارتمان,تهران,سیدخندان,tehran,۵۸,۱۳۹۹,۴٬۳۴۰٬۰۰۰٬۰۰۰ تومان,۷۴٬۸۲۸٬۰۰۰ تومان,۳ از ۴,۱,1,1,,1,35.746685,51.455822,gY4takp0
apartment-sell,آپارتمان,تهران,سیدخندان,tehran,۱۴۸,۱۴۰۰,۹٬۸۵۰٬۰۰۰٬۰۰۰ تومان,۶۶٬۵۵۴٬۰۰۰ تومان,۴ از ۵,۳,1,1,1,1,,,gY4lYT18
apartment-sell,آپارتمان,تهران,سیدخندان,tehran,۱۴۰,۱۴۰۰,توافقی,,۵ از ۵,۳,1,1,1,1,,,gYtQ_n-k
apartment-sell,آپارتمان,تهران,سیدخندان,tehran,۸۵,۱۳۸۰,توافقی,,۴ از ۵,۲,1,1,1,1,,,gY4RimcM
apartment-sell,آپارتمان,تهران,سیدخندان,tehran,۹۰,۱۳۹۹,۵٬۸۵۰٬۰۰۰٬۰۰۰ تومان,۶۵٬۰۰۰٬۰۰۰ تومان,۲ از ۵,۲,1,1,1,1,,,gY4lASCk
apartment-sell,آپارتمان,تهران,سیدخندان,tehran,۸۹,۱۳۹۸,توافقی,,۲,۲,1,1,1,1,,,gYzZegNJ
apartment-sell,آپارتمان,تهران,سیدخندان,tehran,۹۸,۱۳۷۳,توافقی,,۱,۲,,1,1,1,,,gYfF5JXF
apartment-sell,آپارتمان,تهران,سیدخندان,tehran,۱۱۷,۱۳۷۴,۴٬۵۵۰٬۰۰۰٬۰۰۰ تومان,۳۸٬۸۸۹٬۰۰۰ تومان,۴,۳,,1,1,1,,,gY39PmXT
apartment-sell,آپارتمان,تهران,سیدخندان,tehran,۶۷,۱۳۸۹,۲٬۸۸۰٬۰۰۰٬۰۰۰ تومان,۴۲٬۹۸۵٬۰۰۰ تومان,۵ از ۵,۲,1,1,1,1,,,gY3hOSLJ
apartment-sell,آپارتمان,تهران,سیدخندان,tehran,۱۵۰,۱۳۸۵,توافقی,,۴,۳,1,1,1,1,35.748337,51.455093,gY3NuU9X
apartment-sell,آپارتمان,تهران,سیدخندان,tehran,۱۱۰,۱۴۰۰,توافقی,,۵,۲,1,1,1,1,,,gYl9wMMW
apartment-sell,آپارتمان,تهران,سیدخندان,tehran,۱۰۳,۱۳۸۷,۵٬۰۰۰٬۰۰۰٬۰۰۰ تومان,۴۸٬۵۴۴٬۰۰۰ تومان,۱ از ۵,۲,1,1,1,1,,,gY31LONQ
apartment-sell,آپارتمان,تهران,سیدخندان,tehran,۱۰۰,۱۳۷۲,۳٬۷۰۰٬۰۰۰٬۰۰۰ تومان,۳۷٬۰۰۰٬۰۰۰ تومان,۳,۲,,1,1,1,,,gY3d7cfX
apartment-sell,آپارتمان,تهران,سیدخندان,tehran,۱۴۶,۱۴۰۰,توافقی,,۳ از ۵,۳,1,1,1,1,35.74907,51.45101,gYfRdpMJ
apartment-sell,آپارتمان,تهران,سیدخندان,tehran,۸۷,۱۳۸۳,۴٬۳۵۰٬۰۰۰٬۰۰۰ تومان,۵۰٬۰۰۰٬۰۰۰ تومان,۲ از ۴,۲,,1,1,1,,,gY3ZbBzX
apartment-sell,آپارتمان,تهران,سیدخندان,tehran,۱۶۳,۱۳۹۹,۱۰٬۴۰۰٬۰۰۰٬۰۰۰ تومان,۶۳٬۸۰۴٬۰۰۰ تومان,۴,۳,1,1,1,1,,,gY3J7fMw
apartment-sell,آپارتمان,تهران,سیدخندان,tehran,۹۵,۱۴۰۰,توافقی,,۳ از ۵,۲,1,1,1,1,,,gY3x6QJl
apartment-sell,آپارتمان,تهران,سیدخندان,tehran,۱۵۰,۱۳۹۷,۷٬۰۵۰٬۰۰۰٬۰۰۰ تومان,۴۷٬۰۰۰٬۰۰۰ تومان,۳,۳,1,1,1,1,,,gYudJhKZ
apartment-sell,آپارتمان,تهران,سیدخندان,tehran,۲۸۰,۱۴۰۰,۴۰٬۴۰۰٬۰۰۰٬۰۰۰ تومان,۱۴۴٬۲۸۶٬۰۰۰ تومان,۳ از ۶,۴,1,1,1,1,35.751562048618,51.459887344468,gY3l4gro
apartment-sell,آپارتمان,تهران,سیدخندان,tehran,۱۱۱,۱۳۸۴,۴٬۸۰۰٬۰۰۰٬۰۰۰ تومان,۴۳٬۲۴۳٬۰۰۰ تومان,همکف از ۶,۲,1,1,1,1,35.74889,51.45004,gY3dYW-a
apartment-sell,آپارتمان,تهران,سیدخندان,tehran,۹۶,۱۳۹۰,۵٬۲۸۰٬۰۰۰٬۰۰۰ تومان,۵۵٬۰۰۰٬۰۰۰ تومان,۳ از ۵,۲,1,1,,1,,,gY35nVN3
apartment-sell,آپارتمان,تهران,سیدخندان,tehran,۱۲۰,۱۳۹۲,توافقی,,۳,۲,1,1,1,1,,,gYpRAdDO
apartment-sell,آپارتمان,تهران,سیدخندان,tehran,۱۰۱,۱۳۷۵,۳٬۹۵۰٬۰۰۰٬۰۰۰ تومان,۳۹٬۱۰۹٬۰۰۰ تومان,۲,۲,,1,1,1,,,gY3Jo6rV
apartment-sell,آپارتمان,تهران,سیدخندان,tehran,۸۰,۱۳۸۵,۴٬۳۹۰٬۰۰۰٬۰۰۰ تومان,۵۴٬۸۷۵٬۰۰۰ تومان,۵ از ۵,۲,1,1,1,1,,,gY3FY8l4
apartment-sell,آپارتمان,تهران,سیدخندان,tehran,۱۰۰,۱۳۸۶,توافقی,,۱,۲,1,1,1,1,,,gY31Xt3a
apartment-sell,آپارتمان,تهران,سیدخندان,tehran,۷۱,۱۳۷۵,۳٬۹۶۰٬۰۰۰٬۰۰۰ تومان,۵۵٬۷۷۵٬۰۰۰ تومان,۱ از ۳,۲,,1,1,1,,,gY3l3aqk
apartment-sell,آپارتمان,تهران,سیدخندان,tehran,۹۰,۱۳۸۸,توافقی,,۳,۲,1,1,1,1,,,gY3hXmFA
apartment-sell,آپارتمان,تهران,سیدخندان,tehran,۶۲,۱۳۹۰,۳٬۵۰۰٬۰۰۰٬۰۰۰ تومان,۵۶٬۴۵۲٬۰۰۰ تومان,۲,۲,1,1,1,1,,,gY3ZHBPj
apartment-sell,آپارتمان,تهران,سیدخندان,tehran,۱۳۸,۱۳۹۴,۸٬۵۰۰٬۰۰۰٬۰۰۰ تومان,۶۱٬۵۹۴٬۰۰۰ تومان,۱,۳,1,1,1,1,,,gYnh_bqW
apartment-sell,آپارتمان,تهران,سیدخندان,tehran,۷۱,۱۴۰۰,توافقی,,۴,۱,1,1,1,1,,,gY3J3qnE
apartment-sell,آپارتمان,تهران,سیدخندان,tehran,۵۷,۱۳۷۷,۱٬۷۰۰٬۰۰۰٬۰۰۰ تومان,۲۹٬۸۲۵٬۰۰۰ تومان,۳,۲,,,,1,,,gY3tm1vI
apartment-sell,آپارتمان,تهران,سیدخندان,tehran,۷۰,۱۳۹۶,۴٬۹۰۰٬۰۰۰٬۰۰۰ تومان,۷۰٬۰۰۰٬۰۰۰ تومان,۴,۲,1,1,1,1,,,gY39G-Lp
apartment-sell,آپارتمان,تهران,سیدخندان,tehran,۱۰۶,۱۳۷۸,۳٬۸۵۰٬۰۰۰٬۰۰۰ تومان,۳۶٬۳۲۱٬۰۰۰ تومان,۴,۲,,1,1,1,,,gY3h2-C_
apartment-sell,آپارتمان,تهران,سیدخندان,tehran,۱۰۶,۱۳۸۰,۵٬۰۰۰٬۰۰۰٬۰۰۰ تومان,۴۷٬۱۷۰٬۰۰۰ تومان,۱,۲,,1,1,1,35.746574,51.457317,gY3h2U8_
apartment-sell,آپارتمان,تهران,سیدخندان,tehran,۶۴,۱۳۸۶,توافقی,,۳ از ۵,۲,1,1,,1,,,gY3tWTN5
apartment-sell,آپارتمان,تهران,سیدخندان,tehran,۹۵,۱۴۰۰,۷٬۳۰۰٬۰۰۰٬۰۰۰ تومان,۷۶٬۸۴۲٬۰۰۰ تومان,۳,۲,1,1,1,1,35.745223520874,51.458072662354,gY391J_8
apartment-sell,آپارتمان,تهران,سیدخندان,tehran,۶۳,۱۳۸۵,۳٬۰۰۰٬۰۰۰٬۰۰۰ تومان,۴۷٬۶۱۹٬۰۰۰ تومان,۲,۱,1,1,1,1,,,gY39UHH_
apartment-sell,آپارتمان,تهران,مجیدیه,tehran,۵۷,۱۳۸۵,۱٬۷۴۵٬۰۰۰٬۰۰۰ تومان,۳۰٬۶۱۴٬۰۰۰ تومان,همکف از ۴,۱,,,1,1,35.735374,51.45844,gY3NUmTr
apartment-sell,آپارتمان,تهران,سیدخندان,tehran,۱۱۰,۱۳۹۹,۷٬۵۰۰٬۰۰۰٬۰۰۰ تومان,۶۸٬۱۸۲٬۰۰۰ تومان,۳,۲,1,1,1,1,35.75228,51.453983,gY2RNwx1
apartment-sell,آپارتمان,تهران,سیدخندان,tehran,۷۱,۱۴۰۰,توافقی,,۳,۱,1,1,1,1,,,gYzhc5f2
apartment-sell,آپارتمان,تهران,سیدخندان,tehran,۱۲۶,۱۳۷۷,۷٬۰۰۰٬۰۰۰٬۰۰۰ تومان,۵۵٬۵۵۶٬۰۰۰ تومان,۳,۳,1,1,1,1,,,gY2B3_vv
apartment-sell,آپارتمان,تهران,سیدخندان,tehran,۱۰۵,۱۳۸۰,۵٬۱۵۰٬۰۰۰٬۰۰۰ تومان,۴۹٬۰۴۸٬۰۰۰ تومان,۵,۲,1,1,1,1,,,gY2dWdDp
apartment-sell,آپارتمان,تهران,سیدخندان,tehran,۱۰۵,۱۳۹۸,توافقی,,۳ از ۵,۲,1,1,1,1,,,gYdd2eg4
apartment-sell,آپارتمان,تهران,سیدخندان,tehran,۹۵,۱۳۸۰,۴٬۶۰۰٬۰۰۰٬۰۰۰ تومان,۴۸٬۴۲۱٬۰۰۰ تومان,۴ از ۶,۲,1,1,1,1,,,gY2lmImx
apartment-sell,آپارتمان,تهران,سیدخندان,tehran,۹۶,۱۳۸۹,۵٬۲۸۰٬۰۰۰٬۰۰۰ تومان,۵۵٬۰۰۰٬۰۰۰ تومان,۳ از ۵,۲,1,1,,1,,,gYqZp3Hc
apartment-sell,آپارتمان,تهران,سیدخندان,tehran,۹۱,۱۳۹۵,۵٬۲۰۰٬۰۰۰٬۰۰۰ تومان,۵۷٬۱۴۳٬۰۰۰ تومان,۴,۲,1,1,1,1,,,gY29ViGt
apartment-sell,آپارتمان,تهران,سیدخندان,tehran,۱۲۱,۱۳۷۵,۴٬۵۰۰٬۰۰۰٬۰۰۰ تومان,۳۷٬۱۹۰٬۰۰۰ تومان,۲ از ۳,۳,,,,1,35.74316,51.44849,gY21F1pw
apartment-sell,آپارتمان,تهران,سیدخندان,tehran,۱۰۵,۱۴۰۰,۷٬۴۰۰٬۰۰۰٬۰۰۰ تومان,۷۰٬۴۷۶٬۰۰۰ تومان,۳ از ۵,۲,1,1,1,1,,,gY2lk2cN
apartment-sell,آپارتمان,تهران,سیدخندان,tehran,۷۷,۱۴۰۰,۶٬۱۰۰٬۰۰۰٬۰۰۰ تومان,۷۹٬۲۲۱٬۰۰۰ تومان,۴ از ۵,۲,1,1,1,1,,,gY2REg9R
apartment-sell,آپارتمان,تهران,سیدخندان,tehran,۱۱۸,۱۳۷۱,۴٬۷۲۰٬۰۰۰٬۰۰۰ تومان,۴۰٬۰۰۰٬۰۰۰ تومان,۱,۳,,,,1,,,gY2NERu6
apartment-sell,آپارتمان,تهران,سیدخندان,tehran,۶۸,۱۳۹۶,توافقی,,۲,۱,1,1,1,1,,,gYhhBN9B
apartment-sell,آپارتمان,تهران,سیدخندان,tehran,۱۰۰,۱۴۰۰,۸٬۰۰۰٬۰۰۰٬۰۰۰ تومان,۸۰٬۰۰۰٬۰۰۰ تومان,۳,۲,1,1,1,1,35.74858464787,51.455127596855,gY29jeCi
apartment-sell,آپارتمان,تهران,سیدخندان,tehran,۱۱۸,۱۳۸۲,۶٬۳۵۰٬۰۰۰٬۰۰۰ تومان,۵۳٬۸۱۴٬۰۰۰ تومان,۱,۲,,1,1,1,,,gY2tT0G3
apartment-sell,آپارتمان,تهران,سیدخندان,tehran,۷۲,۱۳۸۹,۳٬۶۰۰٬۰۰۰٬۰۰۰ تومان,۵۰٬۰۰۰٬۰۰۰ تومان,۲,۲,1,1,1,1,,,gY2JDiHQ
apartment-sell,آپارتمان,تهران,سیدخندان,tehran,۱۶۰,۱۴۰۰,توافقی,,۳ از ۵,۲,1,1,1,1,,,gY2NDrRP
apartment-sell,آپارتمان,تهران,سیدخندان,tehran,۹۱,۱۳۹۱,۴٬۲۰۰٬۰۰۰٬۰۰۰ تومان,۴۶٬۱۵۴٬۰۰۰ تومان,۳ از ۵,۲,1,1,,1,35.746216,51.451836,gYzVLU8k
apartment-sell,آپارتمان,تهران,سیدخندان,tehran,۱۳۰,۱۳۸۹,۶٬۲۰۰٬۰۰۰٬۰۰۰ تومان,۴۷٬۶۹۲٬۰۰۰ تومان,۱ از ۲,۳,1,1,1,1,35.743858671992,51.458148901092,gY2BTEyB
apartment-sell,آپارتمان,تهران,سیدخندان,tehran,۷۲,۱۳۹۲,۴٬۲۵۰٬۰۰۰٬۰۰۰ تومان,۵۹٬۰۲۸٬۰۰۰ تومان,۴,۲,1,1,1,1,35.747395,51.450325,gY2xSk43
apartment-sell,آپارتمان,تهران,سیدخندان,tehran,۹۴,۱۳۹۲,۵٬۲۰۰٬۰۰۰٬۰۰۰ تومان,۵۵٬۳۱۹٬۰۰۰ تومان,۲,۲,1,1,1,1,,,gYpZg6Af
apartment-sell,آپارتمان,تهران,سیدخندان,tehran,۷۳,۱۳۹۴,۳٬۹۰۰٬۰۰۰٬۰۰۰ تومان,۵۳٬۴۲۵٬۰۰۰ تومان,۴,۲,1,1,1,1,,,gYspzQh-
apartment-sell,آپارتمان,تهران,سیدخندان,tehran,۱۰۵,۱۴۰۰,توافقی,,۳,۲,1,1,1,1,,,gY2JiuWC
apartment-sell,آپارتمان,تهران,سیدخندان,tehran,۲۰۰,۱۳۹۲,۱۱٬۳۰۰٬۰۰۰٬۰۰۰ تومان,۵۶٬۵۰۰٬۰۰۰ تومان,۲ از ۵,۳,1,1,1,1,35.745243,51.461735,gY2JSH-Y
apartment-sell,آپارتمان,تهران,سیدخندان,tehran,۶۰,۱۳۸۳,۲٬۱۵۰٬۰۰۰٬۰۰۰ تومان,۳۵٬۸۳۳٬۰۰۰ تومان,۴,۲,1,,1,1,,,gY2ViaQU
apartment-sell,آپارتمان,تهران,سیدخندان,tehran,۱۱۶,۱۳۸۵,۶٬۷۵۰٬۰۰۰٬۰۰۰ تومان,۵۸٬۱۹۰٬۰۰۰ تومان,۵,۲,1,1,1,1,,,gY2RigvZ
apartment-sell,آپارتمان,تهران,سیدخندان,tehran,۱۵۰,۱۳۹۶,توافقی,,۴,۳,1,1,1,1,,,gYyBCqCg
apartment-sell,آپارتمان,تهران,سیدخندان,tehran,۱۲۷,۱۳۹۹,۷٬۸۷۴٬۰۰۰٬۰۰۰ تومان,۶۲٬۰۰۰٬۰۰۰ تومان,۲,۳,1,1,1,1,,,gY2txSml
apartment-sell,آپارتمان,تهران,سیدخندان,tehran,۱۲۰,۱۴۰۰,۸٬۴۰۰٬۰۰۰٬۰۰۰ تومان,۷۰٬۰۰۰٬۰۰۰ تومان,۱ از ۳,۲,1,1,1,1,,,gY2Bic7j
apartment-sell,آپارتمان,تهران,سیدخندان,tehran,۱۰۵,۱۳۷۱,۴٬۵۰۰٬۰۰۰٬۰۰۰ تومان,۴۲٬۸۵۷٬۰۰۰ تومان,۳ از ۴,۳,,1,1,1,,,gY29xStz
apartment-sell,آپارتمان,تهران,سیدخندان,tehran,۱۲۳,۱۳۸۷,۶٬۰۰۰٬۰۰۰٬۰۰۰ تومان,۴۸٬۷۸۰٬۰۰۰ تومان,۳,۳,1,1,,1,,,gYn1t0cw
apartment-sell,آپارتمان,تهران,سیدخندان,tehran,۱۵۰,قبل از ۱۳۷۰,۶٬۳۰۰٬۰۰۰٬۰۰۰ تومان,۴۲٬۰۰۰٬۰۰۰ تومان,۴ از ۴,۳,,1,1,1,35.747734,51.453053,gYpxnAYA
apartment-sell,آپارتمان,تهران,سیدخندان,tehran,۸۹,۱۳۷۴,۴٬۳۵۰٬۰۰۰٬۰۰۰ تومان,۴۸٬۸۷۶٬۰۰۰ تومان,۲ از ۴,۲,1,1,1,1,,,gY2pB-mt
apartment-sell,آپارتمان,تهران,سیدخندان,tehran,۱۰۵,۱۴۰۰,۷٬۳۵۰٬۰۰۰٬۰۰۰ تومان,۷۰٬۰۰۰٬۰۰۰ تومان,۲ از ۴,۳,1,1,1,1,,,gYg9Ar3B
apartment-sell,آپارتمان,تهران,سیدخندان,tehran,۹۵,۱۴۰۰,۷٬۰۰۰٬۰۰۰٬۰۰۰ تومان,۷۳٬۶۸۴٬۰۰۰ تومان,۱,۲,1,1,1,1,35.748585,51.456993,gYot-X4N
apartment-sell,آپارتمان,تهران,سیدخندان,tehran,۱۰۵,۱۳۹۹,۶٬۸۵۰٬۰۰۰٬۰۰۰ تومان,۶۵٬۲۳۸٬۰۰۰ تومان,۲,۲,1,1,1,1,35.7505,51.45132,gY2dRM_D
apartment-sell,آپارتمان,تهران,سیدخندان,tehran,۷۳,۱۳۸۸,۴٬۰۰۰٬۰۰۰٬۰۰۰ تومان,۵۴٬۷۹۵٬۰۰۰ تومان,۳ از ۵,۲,1,1,1,1,35.745983,51.45179,gY2ZxnqR
apartment-sell,آپارتمان,تهران,سیدخندان,tehran,۱۳۹,۱۴۰۰,۹٬۷۰۰٬۰۰۰٬۰۰۰ تومان,۶۹٬۷۸۴٬۰۰۰ تومان,۴ از ۵,۳,1,1,1,1,35.745741612491,51.453729886509,gY29QZyS
apartment-sell,آپارتمان,تهران,سیدخندان,tehran,۱۷۵,۱۳۸۹,۸٬۲۰۰٬۰۰۰٬۰۰۰ تومان,۴۶٬۸۵۷٬۰۰۰ تومان,۲ از ۵,۳,1,1,1,1,,,gYlJgJ6q
apartment-sell,آپارتمان,تهران,سیدخندان,tehran,۱۱۰,۱۴۰۰,توافقی,,۲,۲,1,1,1,1,,,gY2VhX6V
apartment-sell,آپارتمان,تهران,سیدخندان,tehran,۱۱۲,۱۳۷۵,۵٬۱۰۰٬۰۰۰٬۰۰۰ تومان,۴۵٬۵۳۶٬۰۰۰ تومان,۱,۲,,1,1,1,,,gYvhpNMr
apartment-sell,آپارتمان,تهران,سیدخندان,tehran,۹۲,۱۳۹۵,توافقی,,۲ از ۵,۲,1,1,1,1,,,gY15vkDR
apartment-sell,آپارتمان,تهران,سیدخندان,tehran,۹۳,۱۳۹۳,۴٬۱۰۰٬۰۰۰٬۰۰۰ تومان,۴۴٬۰۸۶٬۰۰۰ تومان,۳ از ۵,۲,1,1,1,1,,,gY1doXdo
apartment-sell,آپارتمان,تهران,سیدخندان,tehran,۹۰,۱۳۹۹,۵٬۸۵۰٬۰۰۰٬۰۰۰ تومان,۶۵٬۰۰۰٬۰۰۰ تومان,۲ از ۶,۲,1,1,1,1,,,gYzBmCl1
apartment-sell,آپارتمان,تهران,سیدخندان,tehran,۱۳۰,۱۳۸۲,۷٬۳۵۰٬۰۰۰٬۰۰۰ تومان,۵۶٬۵۳۸٬۰۰۰ تومان,۳ از ۵,۳,1,1,1,1,,,gY0VsBzd
apartment-sell,آپارتمان,تهران,سیدخندان,tehran,۹۰,۱۴۰۰,۶٬۳۰۰٬۰۰۰٬۰۰۰ تومان,۷۰٬۰۰۰٬۰۰۰ تومان,۲ از ۴,۲,1,1,1,1,35.751472,51.4518,gYmhnVVh
apartment-sell,آپارتمان,تهران,سیدخندان,tehran,۱۶۳,۱۳۹۸,۱۱٬۰۰۰٬۰۰۰٬۰۰۰ تومان,۶۷٬۴۸۵٬۰۰۰ تومان,۱,۳,1,1,1,1,,,gYzROii_
apartment-sell,آپارتمان,تهران,سیدخندان,tehran,۱۳۰,۱۴۰۰,۸٬۵۰۰٬۰۰۰٬۰۰۰ تومان,۶۵٬۳۸۵٬۰۰۰ تومان,۳,۳,1,1,1,1,,,gYzJM9DH
apartment-sell,آپارتمان,تهران,سیدخندان,tehran,۱۱۵,قبل از ۱۳۷۰,۴٬۱۰۰٬۰۰۰٬۰۰۰ تومان,۳۵٬۶۵۲٬۰۰۰ تومان,۴,۲,,1,1,1,,,gYztq6gT
apartment-sell,آپارتمان,تهران,سیدخندان,tehran,۹۰,۱۴۰۰,۴٬۹۵۰٬۰۰۰٬۰۰۰ تومان,۵۵٬۰۰۰٬۰۰۰ تومان,۴,۲,1,1,1,1,,,gYzhY5s7
apartment-sell,آپارتمان,تهران,سیدخندان,tehran,۱۰۰,۱۳۸۳,۳٬۷۰۰٬۰۰۰٬۰۰۰ تومان,۳۷٬۰۰۰٬۰۰۰ تومان,۲,۲,,1,1,1,,,gYzBoerO
apartment-sell,آپارتمان,تهران,سیدخندان,tehran,۱۰۰,۱۳۹۵,۵٬۴۰۰٬۰۰۰٬۰۰۰ تومان,۵۴٬۰۰۰٬۰۰۰ تومان,۱ از ۵,۲,1,1,1,1,,,gYzlXbBT
apartment-sell,آپارتمان,تهران,سیدخندان,tehran,۸۱,۱۳۸۰,توافقی,,۴,۲,1,1,1,1,,,gYzlHUrW
apartment-sell,آپارتمان,تهران,سیدخندان,tehran,۸۰,۱۳۸۳,۳٬۲۵۰٬۰۰۰٬۰۰۰ تومان,۴۰٬۶۲۵٬۰۰۰ تومان,۱,۲,,,1,1,,,gYzhXpIC
apartment-sell,آپارتمان,تهران,سیدخندان,tehran,۱۴۵,۱۳۹۰,توافقی,,۳,۳,1,1,1,1,35.74461,51.454227,gYeR7W1f
apartment-sell,آپارتمان,تهران,سیدخندان,tehran,۶۵,۱۳۸۰,توافقی,,۳,۱,1,1,1,1,,,gYnta6tE
apartment-sell,آپارتمان,تهران,سیدخندان,tehran,۶۵,۱۳۹۵,۳٬۴۸۰٬۰۰۰٬۰۰۰ تومان,۵۳٬۵۳۸٬۰۰۰ تومان,۲,۲,1,1,1,1,,,gYvB7qzy
apartment-sell,آپارتمان,تهران,سیدخندان,tehran,۶۴,۱۳۷۵,۱٬۹۰۰٬۰۰۰٬۰۰۰ تومان,۲۹٬۶۸۸٬۰۰۰ تومان,۴ از ۴,۱,,,1,1,,,gYydt05r
apartment-sell,آپارتمان,تهران,سیدخندان,tehran,۱۰۵,قبل از ۱۳۷۰,۵٬۲۰۰٬۰۰۰٬۰۰۰ تومان,۴۹٬۵۲۴٬۰۰۰ تومان,۱,۲,,1,1,1,35.745142821561,51.454460899711,gYydbqcn
apartment-sell,آپارتمان,تهران,سیدخندان,tehran,۱۲۰,۱۴۰۰,۸٬۲۸۰٬۰۰۰٬۰۰۰ تومان,۶۹٬۰۰۰٬۰۰۰ تومان,۱,۲,1,1,1,1,35.75295,51.45405,gYn1t32_
apartment-sell,آپارتمان,تهران,سیدخندان,tehran,۱۴۰,۱۳۷۴,۷٬۰۰۰٬۰۰۰٬۰۰۰ تومان,۵۰٬۰۰۰٬۰۰۰ تومان,۳ از ۴,۳,,1,1,1,35.7438,51.451332,gYyVGv2K
apartment-sell,آپارتمان,تهران,سیدخندان,tehran,۷۵,۱۳۸۲,۲٬۶۰۰٬۰۰۰٬۰۰۰ تومان,۳۴٬۶۶۷٬۰۰۰ تومان,۳ از ۴,۲,,1,1,1,,,gYyx1DzK
apartment-sell,آپارتمان,تهران,سیدخندان,tehran,۵۸,۱۴۰۰,توافقی,,۳ از ۴,۱,1,1,1,1,,,gYf97aKP
apartment-sell,آپارتمان,تهران,سیدخندان,tehran,۱۲۷,۱۳۹۶,توافقی,,۳,۳,1,1,1,1,,,gYyZ0ZSS
apartment-sell,آپارتمان,تهران,سیدخندان,tehran,۹۴,۱۳۸۵,توافقی,,۴,۲,1,1,1,1,,,gYy1jHBI
apartment-sell,آپارتمان,تهران,سیدخندان,tehran,۹۵,۱۳۸۶,۴٬۷۰۰٬۰۰۰٬۰۰۰ تومان,۴۹٬۴۷۴٬۰۰۰ تومان,۴ از ۲,۲,1,1,1,1,,,gYy5Stei
apartment-sell,آپارتمان,تهران,سیدخندان,tehran,۱۵۰,۱۳۹۹,۱۰٬۸۰۰٬۰۰۰٬۰۰۰ تومان,۷۲٬۰۰۰٬۰۰۰ تومان,۵ از ۵,۳,1,1,1,1,,,gYypiZqp
apartment-sell,آپارتمان,تهران,سیدخندان,tehran,۱۴۰,۱۳۹۳,توافقی,,۱,۳,1,1,1,1,,,gYyRiHWm
apartment-sell,آپارتمان,تهران,سیدخندان,tehran,۱۲۰,۱۳۸۰,۵٬۳۰۰٬۰۰۰٬۰۰۰ تومان,۴۴٬۱۶۷٬۰۰۰ تومان,۲,۳,,1,1,1,35.747040376922,51.452263127268,gYxdf737
apartment-sell,آپارتمان,تهران,سیدخندان,tehran,۳۵۰,قبل از ۱۳۷۰,۱۲٬۰۰۰٬۰۰۰٬۰۰۰ تومان,۳۴٬۲۸۶٬۰۰۰ تومان,۲ از ۳,۳,,1,1,1,,,gYx9x_t_
apartment-sell,آپارتمان,تهران,سیدخندان,tehran,۶۰,۱۴۰۰,توافقی,,۲,۱,1,1,1,1,,,gYxZB0qO
apartment-sell,آپارتمان,تهران,سیدخندان,tehran,۱۶۲,۱۴۰۰,توافقی,,۱,۳,1,1,1,1,,,gYx5wKGi
apartment-sell,آپارتمان,تهران,سیدخندان,tehran,۱۱۲,۱۳۸۰,توافقی,,۱,۲,,1,1,1,,,gYxhQ5WJ
apartment-sell,آپارتمان,تهران,سیدخندان,tehran,۹۰,۱۳۸۰,۴٬۰۰۰٬۰۰۰٬۰۰۰ تومان,۴۴٬۴۴۴٬۰۰۰ تومان,۲,۲,,1,,1,,,gYulDcrb
apartment-sell,آپارتمان,تهران,سیدخندان,tehran,۹۵,۱۳۸۲,۵٬۰۰۰٬۰۰۰٬۰۰۰ تومان,۵۲٬۶۳۲٬۰۰۰ تومان,۴,۲,1,1,1,1,35.74674,51.45534,gYwZeXyj
apartment-sell,آپارتمان,تهران,سیدخندان,tehran,۲۰۰,۱۳۹۲,۱۱٬۲۰۰٬۰۰۰٬۰۰۰ تومان,۵۶٬۰۰۰٬۰۰۰ تومان,۲,۳,1,1,,1,,,gYvBK3xQ
apartment-sell,آپارتمان,تهران,سیدخندان,tehran,۱۴۰,۱۳۸۸,۶٬۱۰۰٬۰۰۰٬۰۰۰ تومان,۴۳٬۵۷۱٬۰۰۰ تومان,۴ از ۵,۳,1,1,1,1,,,gYvRpNyu
apartment-sell,آپارتمان,تهران,سیدخندان,tehran,۱۶۰,۱۳۹۸,۱۰٬۰۰۰٬۰۰۰٬۰۰۰ تومان,۶۲٬۵۰۰٬۰۰۰ تومان,۵ از ۵,۳,1,1,1,1,,,gYvZYtXW
apartment-sell,آپارتمان,تهران,سیدخندان,tehran,۱۳۰,۱۴۰۰,۹٬۵۰۰٬۰۰۰٬۰۰۰ تومان,۷۳٬۰۷۷٬۰۰۰ تومان,۲ از ۵,۳,1,1,1,1,,,gYttwNi1
apartment-sell,آپارتمان,تهران,سیدخندان,tehran,۱۳۰,۱۳۹۴,۶٬۸۰۰٬۰۰۰٬۰۰۰ تومان,۵۲٬۳۰۸٬۰۰۰ تومان,۳,۳,1,1,1,1,,,gYuhrzsW
apartment-sell,آپارتمان,تهران,سیدخندان,tehran,۱۳۴,۱۳۸۷,۷٬۷۷۰٬۰۰۰٬۰۰۰ تومان,۵۷٬۹۸۵٬۰۰۰ تومان,۱,۳,1,1,1,1,,,gYuNoSF3
apartment-sell,آپارتمان,تهران,سیدخندان,tehran,۱۳۰,۱۳۹۵,توافقی,,۳,۳,1,1,1,1,,,gYuNlsQe
apartment-sell,آپارتمان,تهران,سیدخندان,tehran,۱۰۵,۱۴۰۰,۷٬۳۰۰٬۰۰۰٬۰۰۰ تومان,۶۹٬۵۲۴٬۰۰۰ تومان,۲ از ۴,۳,1,1,1,1,35.747864,51.45329,gYuhk-IJ
apartment-sell,آپارتمان,تهران,سیدخندان,tehran,۱۰۰,۱۴۰۰,توافقی,,۱,۲,1,1,1,1,,,gYu9zMWU
apartment-sell,آپارتمان,تهران,سیدخندان,tehran,۷۳,۱۳۸۵,۳٬۱۰۰٬۰۰۰٬۰۰۰ تومان,۴۲٬۴۶۶٬۰۰۰ تومان,۱,۲,1,1,1,1,35.74587,51.45216,gYuB0SB0
apartment-sell,آپارتمان,تهران,سیدخندان,tehran,۱۱۰,۱۴۰۰,۸٬۰۰۰٬۰۰۰٬۰۰۰ تومان,۷۲٬۷۲۷٬۰۰۰ تومان,۵ از ۵,۲,1,1,1,1,35.74395,51.456257,gYuxzQtq
apartment-sell,آپارتمان,تهران,سیدخندان,tehran,۶۷,۱۴۰۰,۳٬۶۸۵٬۰۰۰٬۰۰۰ تومان,۵۵٬۰۰۰٬۰۰۰ تومان,۴,۱,1,1,1,1,,,gYuZzMCh
apartment-sell,آپارتمان,تهران,سیدخندان,tehran,۱۱۷,۱۳۹۱,توافقی,,۲,۲,1,1,1,1,,,gYulDuE1
apartment-sell,آپارتمان,تهران,سیدخندان,tehran,۷۵,۱۳۹۷,۴٬۶۵۰٬۰۰۰٬۰۰۰ تومان,۶۲٬۰۰۰٬۰۰۰ تومان,۱,۲,1,1,1,1,,,gYuVD8ms
apartment-sell,آپارتمان,تهران,سیدخندان,tehran,۸۹,۱۳۸۲,۴٬۴۲۰٬۰۰۰٬۰۰۰ تومان,۴۹٬۶۶۳٬۰۰۰ تومان,۳,۲,1,1,1,1,35.746421591184,51.457748951229,gYu9SDzU
apartment-sell,آپارتمان,تهران,سیدخندان,tehran,۱۰۰,۱۳۸۵,۵٬۰۰۰٬۰۰۰٬۰۰۰ تومان,۵۰٬۰۰۰٬۰۰۰ تومان,۱,۲,1,1,1,1,35.747498,51.457726,gYg1u-yd
apartment-sell,آپارتمان,تهران,سیدخندان,tehran,۱۰۰,۱۴۰۰,۴٬۴۰۰٬۰۰۰٬۰۰۰ تومان,۴۴٬۰۰۰٬۰۰۰ تومان,۳,۲,1,1,1,1,,,gYlBzNeu
apartment-sell,آپارتمان,تهران,سیدخندان,tehran,۹۶,۱۳۸۸,۵٬۱۰۰٬۰۰۰٬۰۰۰ تومان,۵۳٬۱۲۵٬۰۰۰ تومان,۳ از ۵,۲,1,1,,1,,,gYuJiuTA
apartment-sell,آپارتمان,تهران,سیدخندان,tehran,۱۳۴,۱۴۰۰,توافقی,,۱,۳,1,1,1,1,,,gYu1x0BZ
apartment-sell,آپارتمان,تهران,سیدخندان,tehran,۱۱۵,۱۳۸۵,۴٬۷۵۰٬۰۰۰٬۰۰۰ تومان,۴۱٬۳۰۴٬۰۰۰ تومان,۲,۲,1,1,1,1,,,gYuhxaya
apartment-sell,آپارتمان,تهران,سیدخندان,tehran,۱۱۸,۱۳۹۷,۶٬۸۴۴٬۰۰۰٬۰۰۰ تومان,۵۸٬۰۰۰٬۰۰۰ تومان,۵ از ۵,۲,1,1,1,1,,,gYmV0Hms
apartment-sell,آپارتمان,تهران,سیدخندان,tehran,۱۰۳,۱۳۹۰,توافقی,,۲ از ۴,۲,1,1,1,1,,,gYtpkHkH
apartment-sell,آپارتمان,تهران,سیدخندان,tehran,۱۰۹,۱۳۷۵,۵٬۰۰۰٬۰۰۰٬۰۰۰ تومان,۴۵٬۸۷۲٬۰۰۰ تومان,۲ از ۳,۳,,1,1,1,,,gYt1i2mG
apartment-sell,آپارتمان,تهران,سیدخندان,tehran,۷۵,۱۴۰۰,توافقی,,۴ از ۴,۲,1,1,1,1,35.745123075093,51.451120351161,gYmlZpFH
apartment-sell,آپارتمان,تهران,سیدخندان,tehran,۱۵۰,۱۳۷۱,۶٬۲۸۰٬۰۰۰٬۰۰۰ تومان,۴۱٬۸۶۷٬۰۰۰ تومان,۴,۳,,1,1,1,,,gYtNiskb
apartment-sell,آپارتمان,تهران,سیدخندان,tehran,۱۳۰,۱۳۸۴,توافقی,,۱ از ۵,۳,1,1,1,1,,,gYtxhDRj
apartment-sell,آپارتمان,تهران,سیدخندان,tehran,۱۰۰,۱۳۸۶,۴٬۲۵۰٬۰۰۰٬۰۰۰ تومان,۴۲٬۵۰۰٬۰۰۰ تومان,۳,۲,,1,1,1,,,gYgJBrTT
apartment-sell,آپارتمان,تهران,سیدخندان,tehran,۷۵,۱۳۹۴,توافقی,,۲ از ۵,۲,1,1,1,1,,,gYtZRw4Q
apartment-sell,آپارتمان,تهران,سیدخندان,tehran,۱۲۶,قبل از ۱۳۷۰,توافقی,,۲ از ۴,۳,,1,,1,,,gYtNg9ct
apartment-sell,آپارتمان,تهران,سیدخندان,tehran,۹۱,۱۳۸۲,۳٬۹۵۰٬۰۰۰٬۰۰۰ تومان,۴۳٬۴۰۷٬۰۰۰ تومان,۴ از ۵,۲,1,1,1,1,,,gYtdgeGm
apartment-sell,آپارتمان,تهران,سیدخندان,tehran,۱۱۴,۱۴۰۰,۷٬۹۸۰٬۰۰۰٬۰۰۰ تومان,۷۰٬۰۰۰٬۰۰۰ تومان,۲ از ۵,۲,1,1,1,1,35.7496,51.452923,gYtZw46j
apartment-sell,آپارتمان,تهران,سیدخندان,tehran,۱۸۰,۱۳۹۷,۱۲٬۲۰۰٬۰۰۰٬۰۰۰ تومان,۶۷٬۷۷۸٬۰۰۰ تومان,۵,۳,1,1,1,1,,,gYtZgNvI
apartment-sell,آپارتمان,تهران,سیدخندان,tehran,۹۰,۱۴۰۰,۶٬۷۵۰٬۰۰۰٬۰۰۰ تومان,۷۵٬۰۰۰٬۰۰۰ تومان,۲,۲,1,1,1,1,35.754494,51.462673,gYtBADwh
apartment-sell,آپارتمان,تهران,سیدخندان,tehran,۱۰۰,۱۳۸۶,۵٬۰۰۰٬۰۰۰٬۰۰۰ تومان,۵۰٬۰۰۰٬۰۰۰ تومان,۱,۲,1,1,1,1,,,gYstfpHV
apartment-sell,آپارتمان,تهران,سیدخندان,tehran,۱۱۵,۱۳۹۰,۷٬۴۷۵٬۰۰۰٬۰۰۰ تومان,۶۵٬۰۰۰٬۰۰۰ تومان,۳ از ۵,۲,1,1,,1,35.747825373061,51.462691861968,gYsJ_5EU
apartment-sell,آپارتمان,تهران,سیدخندان,tehran,۱۱۷,۱۳۹۲,۷٬۳۰۰٬۰۰۰٬۰۰۰ تومان,۶۲٬۳۹۳٬۰۰۰ تومان,۳,۲,1,1,1,1,,,gYsx-8RH
apartment-sell,آپارتمان,تهران,سیدخندان,tehran,۹۶,۱۳۹۰,۵٬۲۸۰٬۰۰۰٬۰۰۰ تومان,۵۵٬۰۰۰٬۰۰۰ تومان,۳,۲,1,1,,1,,,gYs9uUE6
apartment-sell,آپارتمان,تهران,سیدخندان,tehran,۱۴۹,۱۴۰۰,۹٬۹۸۳٬۰۰۰٬۰۰۰ تومان,۶۷٬۰۰۰٬۰۰۰ تومان,۲,۳,1,1,1,1,,,gYsROKB_
apartment-sell,آپارتمان,تهران,سیدخندان,tehran,۱۴۵,۱۴۰۰,توافقی,,۴ از ۵,۳,1,1,1,1,35.745007879727,51.454267294781,gYs1Nb7r
apartment-sell,آپارتمان,تهران,سیدخندان,tehran,۱۲۲,۱۳۸۵,۵٬۹۰۰٬۰۰۰٬۰۰۰ تومان,۴۸٬۳۶۱٬۰۰۰ تومان,۳,۳,1,1,1,1,,,gYsxNr7s
apartment-sell,آپارتمان,تهران,سیدخندان,tehran,۷۱,۱۳۷۵,۳٬۸۵۰٬۰۰۰٬۰۰۰ تومان,۵۴٬۲۲۵٬۰۰۰ تومان,۱,۲,,1,1,1,,,gYmpWOHb
apartment-sell,آپارتمان,تهران,سیدخندان,tehran,۱۳۰,۱۳۸۵,۵٬۵۰۰٬۰۰۰٬۰۰۰ تومان,۴۲٬۳۰۸٬۰۰۰ تومان,۳ از ۵,۳,1,1,1,1,35.74695,51.454338,gYqxzJrx
apartment-sell,آپارتمان,تهران,سیدخندان,tehran,۸۳,۱۳۸۰,۴٬۷۳۱٬۰۰۰٬۰۰۰ تومان,۵۷٬۰۰۰٬۰۰۰ تومان,۲,۲,,,1,1,35.748410499698,51.453250050545,gYsZrAH0
apartment-sell,آپارتمان,تهران,سیدخندان,tehran,۱۳۰,۱۴۰۰,توافقی,,۱,۳,1,1,1,1,,,gYqdYHtf
apartment-sell,آپارتمان,تهران,سیدخندان,tehran,۱۰۸,۱۴۰۰,۷٬۶۰۰٬۰۰۰٬۰۰۰ تومان,۷۰٬۳۷۰٬۰۰۰ تومان,۲ از ۵,۳,1,1,1,1,,,gYqRUZBy
apartment-sell,آپارتمان,تهران,سیدخندان,tehran,۹۸,۱۴۰۰,۶٬۶۵۰٬۰۰۰٬۰۰۰ تومان,۶۷٬۸۵۷٬۰۰۰ تومان,۴,۲,1,1,1,1,,,gYsZD8Zs
apartment-sell,آپارتمان,تهران,سیدخندان,tehran,۹۰,۱۳۸۲,۴٬۴۰۰٬۰۰۰٬۰۰۰ تومان,۴۸٬۸۸۹٬۰۰۰ تومان,۳,۲,1,1,1,1,,,gYr9v6Yd
apartment-sell,آپارتمان,تهران,سیدخندان,tehran,۱۰۸,۱۴۰۰,توافقی,,۲,۳,1,1,1,1,,,gYr1ajSx
apartment-sell,آپارتمان,تهران,سیدخندان,tehran,۵۸,۱۴۰۰,توافقی,,۳,۱,1,1,1,1,,,gYqB0NGI
apartment-sell,آپارتمان,تهران,سیدخندان,tehran,۱۵۰,۱۳۹۹,توافقی,,۳ از ۵,۳,1,1,1,1,,,gYqlp87d
apartment-sell,آپارتمان,تهران,سیدخندان,tehran,۹۱,۱۳۹۱,۵٬۳۰۰٬۰۰۰٬۰۰۰ تومان,۵۸٬۲۴۲٬۰۰۰ تومان,۵ از ۵,۲,1,1,1,1,,,gYqdIhCN
apartment-sell,آپارتمان,تهران,سیدخندان,tehran,۷۵,۱۳۹۴,۴٬۳۹۰٬۰۰۰٬۰۰۰ تومان,۵۸٬۵۳۳٬۰۰۰ تومان,۴,۲,1,1,1,1,,,gYqBoyuI
apartment-sell,آپارتمان,تهران,سیدخندان,tehran,۱۲۳,۱۳۸۵,توافقی,,۳,۳,1,1,,1,35.746914,51.45667,gYqFX-C5
apartment-sell,آپارتمان,تهران,سیدخندان,tehran,۱۱۰,۱۴۰۰,توافقی,,۵,۲,1,1,1,1,,,gYqRG8M7
apartment-sell,آپارتمان,تهران,سیدخندان,tehran,۱۴۰,۱۳۹۵,۸٬۳۰۰٬۰۰۰٬۰۰۰ تومان,۵۹٬۲۸۶٬۰۰۰ تومان,۱,۳,1,1,1,1,,,gYq11x2N
apartment-sell,آپارتمان,تهران,سیدخندان,tehran,۱۶۲,۱۳۹۹,توافقی,,۱,۳,1,1,1,1,,,gYq9EB8y
apartment-sell,آپارتمان,تهران,سیدخندان,tehran,۱۰۰,۱۳۷۸,۴٬۶۰۰٬۰۰۰٬۰۰۰ تومان,۴۶٬۰۰۰٬۰۰۰ تومان,۲,۲,,1,1,1,,,gYqN0Z4P
apartment-sell,آپارتمان,تهران,سیدخندان,tehran,۲۰۰,۱۳۸۳,توافقی,,۳ از ۵,۳,1,1,1,1,,,gYqJ0eDg
apartment-sell,آپارتمان,تهران,سیدخندان,tehran,۱۵۰,۱۳۸۶,۸٬۲۰۰٬۰۰۰٬۰۰۰ تومان,۵۴٬۶۶۷٬۰۰۰ تومان,۴,۳,1,1,1,1,,,gYqFEFlr
apartment-sell,آپارتمان,تهران,سیدخندان,tehran,۱۴۰,۱۴۰۰,۱۱٬۹۰۰٬۰۰۰٬۰۰۰ تومان,۸۵٬۰۰۰٬۰۰۰ تومان,۵ از ۵,۳,1,1,1,1,,,gYqlDOKq
apartment-sell,آپارتمان,تهران,سیدخندان,tehran,۱۵۲,۱۴۰۰,توافقی,,۳,۳,1,1,1,1,,,gYqhj9ch
apartment-sell,آپارتمان,تهران,سیدخندان,tehran,۱۰۳,۱۳۹۹,۶٬۶۹۵٬۰۰۰٬۰۰۰ تومان,۶۵٬۰۰۰٬۰۰۰ تومان,۳,۳,1,1,1,1,,,gYqNzMlM
apartment-sell,آپارتمان,تهران,سیدخندان,tehran,۵۵,۱۳۹۵,۳٬۶۰۰٬۰۰۰٬۰۰۰ تومان,۶۵٬۴۵۵٬۰۰۰ تومان,۱,۱,1,1,1,1,,,gYqNDVI1
apartment-sell,آپارتمان,تهران,سیدخندان,tehran,۱۱۷,۱۳۸۰,توافقی,,۵,۳,1,1,1,1,35.750797,51.448395,gYpNWLyk
apartment-sell,آپارتمان,تهران,سیدخندان,tehran,۱۰۸,۱۳۹۵,توافقی,,۳,۲,1,1,1,1,,,gYpBGj1f
apartment-sell,آپارتمان,تهران,سیدخندان,tehran,۱۰۰,۱۳۸۵,۵٬۰۰۰٬۰۰۰٬۰۰۰ تومان,۵۰٬۰۰۰٬۰۰۰ تومان,۱,۲,1,1,1,1,,,gYp9DMpY
apartment-sell,آپارتمان,تهران,سیدخندان,tehran,۹۸,۱۳۷۵,۴٬۰۰۰٬۰۰۰٬۰۰۰ تومان,۴۰٬۸۱۶٬۰۰۰ تومان,۳,۲,,1,1,1,,,gYpZToEo
apartment-sell,آپارتمان,تهران,سیدخندان,tehran,۷۳,۱۳۹۴,۴٬۳۵۰٬۰۰۰٬۰۰۰ تومان,۵۹٬۵۸۹٬۰۰۰ تومان,۴ از ۵,۲,1,1,1,1,35.748329623393,51.451922583029,gYklOdV8
apartment-sell,آپارتمان,تهران,سیدخندان,tehran,۶۰,۱۴۰۰,توافقی,,۳,۲,1,1,1,1,,,gYpVy6io
apartment-sell,آپارتمان,تهران,سیدخندان,tehran,۷۰,۱۳۸۵,۳٬۸۴۰٬۰۰۰٬۰۰۰ تومان,۵۴٬۸۵۷٬۰۰۰ تومان,همکف,۱,1,1,1,1,,,gYpNyRAn
apartment-sell,آپارتمان,تهران,سیدخندان,tehran,۹۵,۱۴۰۰,۷٬۳۰۰٬۰۰۰٬۰۰۰ تومان,۷۶٬۸۴۲٬۰۰۰ تومان,۳,۲,1,1,1,1,,,gYpZx2uj
apartment-sell,آپارتمان,تهران,سیدخندان,tehran,۱۲۴,۱۳۸۵,توافقی,,۳ از ۵,۳,1,1,,1,35.74542,51.455956,gYpRhGwa
apartment-sell,آپارتمان,تهران,سیدخندان,tehran,۱۱۱,۱۳۸۰,۵٬۵۰۰٬۰۰۰٬۰۰۰ تومان,۴۹٬۵۵۰٬۰۰۰ تومان,۱ از ۴,۲,,1,1,1,,,gYp9QqXG
apartment-sell,آپارتمان,تهران,سیدخندان,tehran,۱۱۰,۱۴۰۰,۶٬۹۰۰٬۰۰۰٬۰۰۰ تومان,۶۲٬۷۲۷٬۰۰۰ تومان,۱,۲,1,1,1,1,,,gYpNALQL
apartment-sell,آپارتمان,تهران,سیدخندان,tehran,۱۱۰,۱۴۰۰,توافقی,,۲,۳,1,1,1,1,,,gYpBw48F
apartment-sell,آپارتمان,تهران,سیدخندان,tehran,۱۲۲,۱۳۹۵,۷٬۴۰۰٬۰۰۰٬۰۰۰ تومان,۶۰٬۶۵۶٬۰۰۰ تومان,۳,۲,1,1,1,1,,,gYotf0IE
apartment-sell,آپارتمان,تهران,سیدخندان,tehran,۷۵,۱۴۰۰,توافقی,,۳,۲,1,1,1,1,,,gYolPK0K
apartment-sell,آپارتمان,تهران,سیدخندان,tehran,۱۰۰,۱۳۹۳,توافقی,,۴,۲,1,1,1,1,,,gYolvBex
apartment-sell,آپارتمان,تهران,سیدخندان,tehran,۱۸۰,۱۴۰۰,توافقی,,۵ از ۵,۳,1,1,1,1,,,gYm1Etx9
apartment-sell,آپارتمان,تهران,سیدخندان,tehran,۸۴,۱۴۰۰,۶٬۳۰۰٬۰۰۰٬۰۰۰ تومان,۷۵٬۰۰۰٬۰۰۰ تومان,۴,۲,1,1,1,1,,,gYoJfb-m
apartment-sell,آپارتمان,تهران,سیدخندان,tehran,۱۵۰,۱۳۸۶,۸٬۲۰۰٬۰۰۰٬۰۰۰ تومان,۵۴٬۶۶۷٬۰۰۰ تومان,۴,۳,1,1,1,1,35.748585,51.456993,gYoFfrWs
apartment-sell,آپارتمان,تهران,سیدخندان,tehran,۳۱۵,قبل از ۱۳۷۰,۴۷٬۲۵۰٬۰۰۰٬۰۰۰ تومان,۱۵۰٬۰۰۰٬۰۰۰ تومان,۱,+۴,,1,1,1,,,gYoJ_Yf3
apartment-sell,آپارتمان,تهران,سیدخندان,tehran,۱۲۵,۱۳۷۱,۵٬۳۰۰٬۰۰۰٬۰۰۰ تومان,۴۲٬۴۰۰٬۰۰۰ تومان,۳ از ۳,۳,,1,1,1,,,gYoFfzG8
apartment-sell,آپارتمان,تهران,سیدخندان,tehran,۹۰,۱۳۹۸,۶٬۳۰۰٬۰۰۰٬۰۰۰ تومان,۷۰٬۰۰۰٬۰۰۰ تومان,۴ از ۵,۲,1,1,1,1,35.74522,51.45748,gYot-gLy
apartment-sell,آپارتمان,تهران,سیدخندان,tehran,۱۱۸,۱۳۹۳,۶٬۲۵۰٬۰۰۰٬۰۰۰ تومان,۵۲٬۹۶۶٬۰۰۰ تومان,۱ از ۵,۳,1,1,1,1,,,gYol-jqp
apartment-sell,آپارتمان,تهران,سیدخندان,tehran,۱۳۰,۱۳۷۱,۵٬۴۶۰٬۰۰۰٬۰۰۰ تومان,۴۲٬۰۰۰٬۰۰۰ تومان,۴,۳,,1,1,1,,,gYeRom0P
apartment-sell,آپارتمان,تهران,سیدخندان,tehran,۷۶,۱۳۸۲,توافقی,,۲,۲,1,1,1,1,,,gYhFR8E5
apartment-sell,آپارتمان,تهران,سیدخندان,tehran,۹۸,۱۴۰۰,توافقی,,۲,۲,1,1,,1,,,gYoR-0H2
apartment-sell,آپارتمان,تهران,سیدخندان,tehran,۸۵,۱۴۰۰,توافقی,,۵ از ۵,۲,1,1,1,1,,,gYmxbRwC
apartment-sell,آپارتمان,تهران,سیدخندان,tehran,۱۰۰,۱۴۰۰,۷٬۲۰۰٬۰۰۰٬۰۰۰ تومان,۷۲٬۰۰۰٬۰۰۰ تومان,۱,۲,1,1,1,1,,,gYoRtcbF
apartment-sell,آپارتمان,تهران,سیدخندان,tehran,۱۰۵,۱۳۸۲,۴٬۰۰۰٬۰۰۰٬۰۰۰ تومان,۳۸٬۰۹۵٬۰۰۰ تومان,۴,۳,,1,1,1,,,gYoFNYQT
apartment-sell,آپارتمان,تهران,سیدخندان,tehran,۷۲,۱۳۹۴,توافقی,,۳,۱,1,1,1,1,,,gYoVA-T9
apartment-sell,آپارتمان,تهران,سیدخندان,tehran,۱۶۵,۱۳۹۸,توافقی,,۱ از ۵,۳,1,1,1,1,,,gYkRvfdp
apartment-sell,آپارتمان,تهران,سیدخندان,tehran,۱۵۰,۱۴۰۰,توافقی,,۳ از ۵,۳,1,1,1,1,35.746377885181,51.454759987227,gYfBLGs7
apartment-sell,آپارتمان,تهران,سیدخندان,tehran,۶۸,۱۴۰۰,۳٬۷۴۰٬۰۰۰٬۰۰۰ تومان,۵۵٬۰۰۰٬۰۰۰ تومان,۴,۱,1,1,1,1,,,gYnhtcTV
apartment-sell,آپارتمان,تهران,سیدخندان,tehran,۱۴۷,۱۳۹۹,توافقی,,۴,۳,1,1,1,1,,,gYkNOTzm
apartment-sell,آپارتمان,تهران,سیدخندان,tehran,۱۰۵,۱۳۸۰,۵٬۱۰۰٬۰۰۰٬۰۰۰ تومان,۴۸٬۵۷۱٬۰۰۰ تومان,۵,۲,1,1,1,1,,,gYnh8rQP
apartment-sell,آپارتمان,تهران,سیدخندان,tehran,۱۴۳,۱۴۰۰,توافقی,,۴,۳,1,1,1,1,,,gYnJsIPU
apartment-sell,آپارتمان,تهران,سیدخندان,tehran,۶۷,۱۳۹۱,۴٬۰۰۰٬۰۰۰٬۰۰۰ تومان,۵۹٬۷۰۱٬۰۰۰ تومان,۱,۱,1,1,,1,,,gYnBsEnc
apartment-sell,آپارتمان,تهران,سیدخندان,tehran,۱۳۰,۱۳۸۷,۵٬۹۰۰٬۰۰۰٬۰۰۰ تومان,۴۵٬۳۸۵٬۰۰۰ تومان,۴,۳,1,1,1,1,,,gYnBc3O3
apartment-sell,آپارتمان,تهران,سیدخندان,tehran,۲۰۰,۱۳۸۴,۸٬۰۰۰٬۰۰۰٬۰۰۰ تومان,۴۰٬۰۰۰٬۰۰۰ تومان,همکف از ۵,۴,1,1,1,1,,,gYn9rg86
apartment-sell,آپارتمان,تهران,سیدخندان,tehran,۱۷۵,۱۴۰۰,۱۳٬۱۲۵٬۰۰۰٬۰۰۰ تومان,۷۵٬۰۰۰٬۰۰۰ تومان,۲,۳,1,1,1,1,,,gYn97Tib
apartment-sell,آپارتمان,تهران,سیدخندان,tehran,۵۵,۱۳۹۵,۳٬۵۵۰٬۰۰۰٬۰۰۰ تومان,۶۴٬۵۴۵٬۰۰۰ تومان,۱ از ۶,۱,1,1,1,1,,,gYnlL6xv
apartment-sell,آپارتمان,تهران,سیدخندان,tehran,۸۵,۱۳۹۶,۵٬۲۰۰٬۰۰۰٬۰۰۰ تومان,۶۱٬۱۷۶٬۰۰۰ تومان,۱,۲,1,1,1,1,,,gYndbI-e
apartment-sell,آپارتمان,تهران,سیدخندان,tehran,۱۶۲,۱۳۹۹,توافقی,,۱ از ۵,۳,1,1,1,1,,,gYnpqX5U
apartment-sell,آپارتمان,تهران,سیدخندان,tehran,۱۸۰,۱۳۹۹,۱۲٬۰۰۰٬۰۰۰٬۰۰۰ تومان,۶۶٬۶۶۷٬۰۰۰ تومان,۵ از ۵,۳,1,1,1,1,,,gYnla98p
apartment-sell,آپارتمان,تهران,سیدخندان,tehran,۸۵,۱۳۸۰,توافقی,,۳ از ۳,۲,,,1,1,,,gYndaQgQ
apartment-sell,آپارتمان,تهران,سیدخندان,tehran,۱۵۰,۱۳۸۶,۸٬۲۰۰٬۰۰۰٬۰۰۰ تومان,۵۴٬۶۶۷٬۰۰۰ تومان,۴ از ۵,۳,1,1,1,1,35.75239,51.45309,gYndKKGt
apartment-sell,آپارتمان,تهران,سیدخندان,tehran,۱۳۵,۱۳۸۵,۷٬۶۹۵٬۰۰۰٬۰۰۰ تومان,۵۷٬۰۰۰٬۰۰۰ تومان,۱,۳,1,1,1,1,,,gYnZaBbv
apartment-sell,آپارتمان,تهران,سیدخندان,tehran,۸۹,۱۳۷۲,۴٬۳۵۰٬۰۰۰٬۰۰۰ تومان,۴۸٬۸۷۶٬۰۰۰ تومان,۱ از ۵,۲,,1,1,1,,,gYnZqihW
apartment-sell,آپارتمان,تهران,سیدخندان,tehran,۷۲,۱۳۷۲,۲٬۱۰۰٬۰۰۰٬۰۰۰ تومان,۲۹٬۱۶۷٬۰۰۰ تومان,۲,۱,,,1,1,,,gYnBqMML
apartment-sell,آپارتمان,تهران,سیدخندان,tehran,۱۰۵,۱۴۰۰,۷٬۱۰۰٬۰۰۰٬۰۰۰ تومان,۶۷٬۶۱۹٬۰۰۰ تومان,۴ از ۴,۲,1,1,1,1,,,gYnxp1wi
apartment-sell,آپارتمان,تهران,سیدخندان,tehran,۱۸۰,۱۴۰۰,۱۲٬۹۵۰٬۰۰۰٬۰۰۰ تومان,۷۱٬۹۴۴٬۰۰۰ تومان,۵ از ۵,۳,1,1,1,1,,,gYhBGgih
apartment-sell,آپارتمان,تهران,سیدخندان,tehran,۷۷,۱۳۸۴,۳٬۳۲۰٬۰۰۰٬۰۰۰ تومان,۴۳٬۱۱۷٬۰۰۰ تومان,۲ از ۵,۲,1,1,1,1,,,gYnlZ9VQ
apartment-sell,آپارتمان,تهران,سیدخندان,tehran,۱۲۳,۱۳۸۶,۶٬۰۰۰٬۰۰۰٬۰۰۰ تومان,۴۸٬۷۸۰٬۰۰۰ تومان,۳,۳,1,1,1,1,,,gYnhZ745
apartment-sell,آپارتمان,تهران,سیدخندان,tehran,۱۰۱,۱۳۹۹,۴٬۳۰۰٬۰۰۰٬۰۰۰ تومان,۴۲٬۵۷۴٬۰۰۰ تومان,۴,۲,1,1,1,1,,,gYnV5DI1
apartment-sell,آپارتمان,تهران,سیدخندان,tehran,۴۰,قبل از ۱۳۷۰,توافقی,,۳,۱,,,,1,,,gYmRESOA
apartment-sell,آپارتمان,تهران,سیدخندان,tehran,۱۴۵,۱۳۹۵,توافقی,,۳,۳,1,1,1,1,,,gYnlYuVr
apartment-sell,آپارتمان,تهران,سیدخندان,tehran,۲۰۰,۱۳۸۵,۹٬۶۰۰٬۰۰۰٬۰۰۰ تومان,۴۸٬۰۰۰٬۰۰۰ تومان,۱ از ۵,۳,1,1,1,1,,,gYm1J6fS
apartment-sell,آپارتمان,تهران,سیدخندان,tehran,۱۴۲,۱۳۹۵,۹٬۳۰۰٬۰۰۰٬۰۰۰ تومان,۶۵٬۴۹۳٬۰۰۰ تومان,۵ از ۵,۳,1,1,1,1,,,gYf9J4PU
apartment-sell,آپارتمان,تهران,سیدخندان,tehran,۷۶,۱۳۸۱,۳٬۲۰۰٬۰۰۰٬۰۰۰ تومان,۴۲٬۱۰۵٬۰۰۰ تومان,۲,۲,1,1,1,1,,,gYmNup-k
apartment-sell,آپارتمان,تهران,سیدخندان,tehran,۱۲۰,۱۳۹۶,توافقی,,۳,۳,1,1,1,1,,,gYmF7u4N
apartment-sell,آپارتمان,تهران,سیدخندان,tehran,۸۵,۱۴۰۰,توافقی,,۴,۲,1,1,1,1,,,gYmB6RZQ
apartment-sell,آپارتمان,تهران,سیدخندان,tehran,۸۹,۱۴۰۰,۴٬۰۰۰٬۰۰۰٬۰۰۰ تومان,۴۴٬۹۴۴٬۰۰۰ تومان,۴ از ۲,۲,1,1,1,1,,,gYm1Y5is
apartment-sell,آپارتمان,تهران,سیدخندان,tehran,۱۳۴,۱۳۸۳,توافقی,,۱,۳,1,1,1,1,,,gYmZYkm6
apartment-sell,آپارتمان,تهران,سیدخندان,tehran,۱۶۲,۱۳۹۸,توافقی,,۱ از ۵,۳,1,1,1,1,,,gYftfX-T
apartment-sell,آپارتمان,تهران,سیدخندان,tehran,۸۱,۱۴۰۰,۶٬۲۰۰٬۰۰۰٬۰۰۰ تومان,۷۶٬۵۴۳٬۰۰۰ تومان,۵,۲,1,1,1,1,,,gYmxGfob
apartment-sell,آپارتمان,تهران,سیدخندان,tehran,۱۰۸,۱۳۹۶,توافقی,,۳,۲,1,1,,1,35.74463,51.45593,gYmxGUo-
apartment-sell,آپارتمان,تهران,سیدخندان,tehran,۱۹۵,۱۳۸۶,۹٬۸۰۰٬۰۰۰٬۰۰۰ تومان,۵۰٬۲۵۶٬۰۰۰ تومان,۱,۳,1,1,1,1,,,gYmdWEyS
apartment-sell,آپارتمان,تهران,سیدخندان,tehran,۸۰,۱۳۹۹,توافقی,,۵,۲,1,1,1,1,,,gYmhFp6C
apartment-sell,آپارتمان,تهران,سیدخندان,tehran,۱۰۸,۱۴۰۰,۷٬۸۰۰٬۰۰۰٬۰۰۰ تومان,۷۲٬۲۲۲٬۰۰۰ تومان,۲ از ۵,۳,1,1,1,1,35.747371467419,51.452915959594,gYmlFhQ_
apartment-sell,آپارتمان,تهران,سیدخندان,tehran,۱۳۵,۱۳۷۲,۶٬۴۰۰٬۰۰۰٬۰۰۰ تومان,۴۷٬۴۰۷٬۰۰۰ تومان,۴,۲,,1,1,1,,,gYmhFTo7
apartment-sell,آپارتمان,تهران,سیدخندان,tehran,۱۰۸,۱۴۰۰,۸٬۱۰۰٬۰۰۰٬۰۰۰ تومان,۷۵٬۰۰۰٬۰۰۰ تومان,۲,۳,1,1,1,1,,,gYmhl8Kj
apartment-sell,آپارتمان,تهران,سیدخندان,tehran,۱۰۰,۱۳۹۳,۶٬۰۰۰٬۰۰۰٬۰۰۰ تومان,۶۰٬۰۰۰٬۰۰۰ تومان,۴ از ۵,۲,1,1,1,1,35.748379267532,51.452273581299,gYmdFjAN
apartment-sell,آپارتمان,تهران,سیدخندان,tehran,۱۱۰,۱۳۹۴,۵٬۷۰۰٬۰۰۰٬۰۰۰ تومان,۵۱٬۸۱۸٬۰۰۰ تومان,۵,۲,1,1,1,1,,,gYmZ1hXm
apartment-sell,آپارتمان,تهران,سیدخندان,tehran,۱۷۸,۱۴۰۰,۱۲٬۰۰۰٬۰۰۰٬۰۰۰ تومان,۶۷٬۴۱۶٬۰۰۰ تومان,۵ از ۵,۳,1,1,1,1,35.748273349406,51.45272099953,gYmZVPhV
apartment-sell,آپارتمان,تهران,سیدخندان,tehran,۱۳۸,۱۳۸۶,توافقی,,۴,۳,1,1,1,1,,,gYmRFfLx
apartment-sell,آپارتمان,تهران,سیدخندان,tehran,۱۱۵,قبل از ۱۳۷۰,۴٬۷۰۰٬۰۰۰٬۰۰۰ تومان,۴۰٬۸۷۰٬۰۰۰ تومان,۱,۳,,,1,1,35.74832,51.45247,gYmN1KCw
apartment-sell,آپارتمان,تهران,سیدخندان,tehran,۱۰۰,۱۳۸۶,۴٬۸۰۰٬۰۰۰٬۰۰۰ تومان,۴۸٬۰۰۰٬۰۰۰ تومان,۱,۲,1,1,1,1,35.74756,51.455612,gYmJVzjD
apartment-sell,آپارتمان,تهران,سیدخندان,tehran,۱۰۲,۱۴۰۰,توافقی,,۳ از ۵,۲,1,1,1,1,35.744562761903,51.45442638731,gYmB1O0z
apartment-sell,آپارتمان,تهران,سیدخندان,tehran,۹۵,۱۳۹۰,۵٬۲۰۰٬۰۰۰٬۰۰۰ تومان,۵۴٬۷۳۷٬۰۰۰ تومان,۳,۲,1,1,,1,,,gYmB1c4X
apartment-sell,آپارتمان,تهران,سیدخندان,tehran,۱۰۱,قبل از ۱۳۷۰,۳٬۸۵۰٬۰۰۰٬۰۰۰ تومان,۳۸٬۱۱۹٬۰۰۰ تومان,۲,۲,,1,1,1,,,gYm5UVNM
apartment-sell,آپارتمان,تهران,سیدخندان,tehran,۱۰۵,۱۳۹۷,توافقی,,۳,۲,1,1,1,1,,,gYm1EDUP
apartment-sell,آپارتمان,تهران,سیدخندان,tehran,۱۰۸,۱۳۹۷,۶٬۲۵۰٬۰۰۰٬۰۰۰ تومان,۵۷٬۸۷۰٬۰۰۰ تومان,۳ از ۴,۲,1,1,1,1,,,gYmhkDJP
apartment-sell,آپارتمان,تهران,سیدخندان,tehran,۴۳,۱۳۸۶,۱٬۵۸۰٬۰۰۰٬۰۰۰ تومان,۳۶٬۷۴۴٬۰۰۰ تومان,۳ از ۳,۱,,1,,1,,,gYmZEmn1
apartment-sell,آپارتمان,تهران,سیدخندان,tehran,۸۳,۱۳۸۰,۴٬۱۰۰٬۰۰۰٬۰۰۰ تومان,۴۹٬۳۹۸٬۰۰۰ تومان,۴ از ۵,۲,1,1,1,1,35.748585,51.456993,gYmV0xT9
apartment-sell,آپارتمان,تهران,سیدخندان,tehran,۱۱۰,۱۳۹۵,۶٬۰۰۰٬۰۰۰٬۰۰۰ تومان,۵۴٬۵۴۵٬۰۰۰ تومان,۳,۲,1,1,1,1,,,gYlNjwKF
apartment-sell,آپارتمان,تهران,سیدخندان,tehran,۹۹,۱۳۸۷,۵٬۰۰۰٬۰۰۰٬۰۰۰ تومان,۵۰٬۵۰۵٬۰۰۰ تومان,۱,۲,1,1,1,1,,,gYmhj3Q3
apartment-sell,آپارتمان,تهران,سیدخندان,tehran,۹۶,قبل از ۱۳۷۰,۴٬۰۰۰٬۰۰۰٬۰۰۰ تومان,۴۱٬۶۶۷٬۰۰۰ تومان,۳ از ۵,۲,,,,1,35.746243,51.450256,gYlxZ6sq
apartment-sell,آپارتمان,تهران,سیدخندان,tehran,۱۶۲,۱۴۰۰,۱۱٬۹۹۹٬۰۰۰٬۰۰۰ تومان,۷۴٬۰۶۸٬۰۰۰ تومان,۱ از ۵,۳,1,1,1,1,,,gYl5mmEZ
apartment-sell,آپارتمان,تهران,سیدخندان,tehran,۱۰۱,۱۴۰۰,۷٬۵۵۰٬۰۰۰٬۰۰۰ تومان,۷۴٬۷۵۲٬۰۰۰ تومان,۶ از ۶,۲,1,1,1,1,35.747383,51.454918,gYl517zy
apartment-sell,آپارتمان,تهران,سیدخندان,tehran,۷۸,۱۳۷۷,۳٬۴۰۰٬۰۰۰٬۰۰۰ تومان,۴۳٬۵۹۰٬۰۰۰ تومان,۲,۲,,1,1,1,,,gYlFVLlm
apartment-sell,آپارتمان,تهران,سیدخندان,tehran,۱۰۵,۱۳۷۸,۴٬۹۵۰٬۰۰۰٬۰۰۰ تومان,۴۷٬۱۴۳٬۰۰۰ تومان,۴ از ۵,۲,1,1,1,1,,,gYlBFleY
apartment-sell,آپارتمان,تهران,سیدخندان,tehran,۴۶,۱۳۸۱,۱٬۹۵۰٬۰۰۰٬۰۰۰ تومان,۴۲٬۳۹۱٬۰۰۰ تومان,همکف,۲,,,1,1,,,gYlxUon8
apartment-sell,آپارتمان,تهران,سیدخندان,tehran,۷۲,۱۳۷۱,۲٬۱۰۰٬۰۰۰٬۰۰۰ تومان,۲۹٬۱۶۷٬۰۰۰ تومان,۳,۱,,1,1,1,,,gYlRjHJD
apartment-sell,آپارتمان,تهران,سیدخندان,tehran,۱۲۰,۱۳۹۰,۳٬۸۵۰٬۰۰۰٬۰۰۰ تومان,۳۲٬۰۸۳٬۰۰۰ تومان,۴,۳,1,,1,1,,,gYlBT1zQ
apartment-sell,آپارتمان,تهران,سیدخندان,tehran,۱۱۱,۱۳۸۲,۴٬۶۲۰٬۰۰۰٬۰۰۰ تومان,۴۱٬۶۲۲٬۰۰۰ تومان,همکف,۲,1,1,1,1,,,gYl1y0qk
apartment-sell,آپارتمان,تهران,سیدخندان,tehran,۷۶,۱۳۸۱,۳٬۳۰۰٬۰۰۰٬۰۰۰ تومان,۴۳٬۴۲۱٬۰۰۰ تومان,۲,۲,1,1,1,1,,,gYlpyGQz
apartment-sell,آپارتمان,تهران,سیدخندان,tehran,۷۳,۱۳۸۸,۴٬۰۰۰٬۰۰۰٬۰۰۰ تومان,۵۴٬۷۹۵٬۰۰۰ تومان,۳,۲,1,1,1,1,,,gYl9hlh7
apartment-sell,آپارتمان,تهران,سیدخندان,tehran,۷۳,۱۳۹۴,۴٬۳۸۰٬۰۰۰٬۰۰۰ تومان,۶۰٬۰۰۰٬۰۰۰ تومان,۴,۲,1,1,1,1,,,gYlpAM0M
apartment-sell,آپارتمان,تهران,سیدخندان,tehran,۱۰۸,۱۴۰۰,توافقی,,۴ از ۵,۳,1,1,1,1,35.745834,51.455746,gYkx_Nnk
apartment-sell,آپارتمان,تهران,سیدخندان,tehran,۷۲,۱۳۷۱,۲٬۱۰۰٬۰۰۰٬۰۰۰ تومان,۲۹٬۱۶۷٬۰۰۰ تومان,۲,۱,,,1,1,,,gYklf3gx
apartment-sell,آپارتمان,تهران,سیدخندان,tehran,۶۰,۱۳۸۱,۲٬۰۰۰٬۰۰۰٬۰۰۰ تومان,۳۳٬۳۳۳٬۰۰۰ تومان,۱,۱,,,1,1,,,gYkhfABb
apartment-sell,آپارتمان,تهران,سیدخندان,tehran,۵۲,۱۳۸۲,۲٬۲۰۰٬۰۰۰٬۰۰۰ تومان,۴۲٬۳۰۸٬۰۰۰ تومان,۳,۱,,1,1,1,,,gYkZPs6N
apartment-sell,آپارتمان,تهران,سیدخندان,tehran,۸۲,۱۳۷۶,۴٬۱۰۰٬۰۰۰٬۰۰۰ تومان,۵۰٬۰۰۰٬۰۰۰ تومان,۱ از ۴,۲,,1,1,1,35.743477,51.45164,gYkJPUmn
apartment-sell,آپارتمان,تهران,سیدخندان,tehran,۸۹,۱۳۸۵,توافقی,,۴ از ۵,۲,1,1,1,1,,,gYkxe4xc
apartment-sell,آپارتمان,تهران,سیدخندان,tehran,۷۳,۱۳۹۵,توافقی,,۴,۲,1,1,1,1,,,gYhdg5_C
apartment-sell,آپارتمان,تهران,سیدخندان,tehran,۱۲۰,۱۳۹۶,توافقی,,۴ از ۵,۲,1,1,1,1,,,gYktuvXg
apartment-sell,آپارتمان,تهران,سیدخندان,tehran,۱۶۲,۱۴۰۰,توافقی,,۱,۳,1,1,1,1,,,gYkduUH1
apartment-sell,آپارتمان,تهران,سیدخندان,tehran,۱۳۵,۱۴۰۰,توافقی,,۳,۲,1,1,1,1,,,gYNRKTi4
apartment-sell,آپارتمان,تهران,سیدخندان,tehran,۱۲۳,۱۳۸۶,۵٬۸۰۰٬۰۰۰٬۰۰۰ تومان,۴۷٬۱۵۴٬۰۰۰ تومان,۳,۳,1,1,,1,35.74514,51.456486,gYkZe6Mc
apartment-sell,آپارتمان,تهران,سیدخندان,tehran,۷۷,۱۴۰۰,توافقی,,۲ از ۵,۲,1,1,1,1,35.749112373155,51.454357964539,gYgxvyfM
apartment-sell,آپارتمان,تهران,سیدخندان,tehran,۶۴,قبل از ۱۳۷۰,توافقی,,۲,۱,,1,1,1,,,gYkdELbK
apartment-sell,آپارتمان,تهران,سیدخندان,tehran,۱۰۱,قبل از ۱۳۷۰,۳٬۸۵۰٬۰۰۰٬۰۰۰ تومان,۳۸٬۱۱۹٬۰۰۰ تومان,۲ از ۴,۲,,1,1,1,,,gYjBbg3I
apartment-sell,آپارتمان,تهران,سیدخندان,tehran,۱۴۷,۱۴۰۰,۹٬۹۰۰٬۰۰۰٬۰۰۰ تومان,۶۷٬۳۴۷٬۰۰۰ تومان,۴ از ۵,۳,1,1,1,1,35.74704289828,51.456084769323,gYjp6wmW
apartment-sell,آپارتمان,تهران,سیدخندان,tehran,۸۵,۱۳۸۲,توافقی,,۱ از ۴,۲,,1,1,1,,,gYhh4rWg
apartment-sell,آپارتمان,تهران,سیدخندان,tehran,۱۳۸,۱۳۸۶,توافقی,,۴,۳,1,1,1,1,,,gYitq0uy
apartment-sell,آپارتمان,تهران,سیدخندان,tehran,۱۷۰,۱۳۸۷,۸٬۵۶۰٬۰۰۰٬۰۰۰ تومان,۵۰٬۳۵۳٬۰۰۰ تومان,۵,۳,1,1,1,1,35.74756,51.451927,gYihoCPG
apartment-sell,آپارتمان,تهران,سیدخندان,tehran,۱۰۰,۱۴۰۰,۶٬۵۰۰٬۰۰۰٬۰۰۰ تومان,۶۵٬۰۰۰٬۰۰۰ تومان,۵,۲,1,1,1,1,,,gYiVV2XB
apartment-sell,آپارتمان,تهران,سیدخندان,tehran,۹۶,۱۳۸۰,۴٬۳۰۰٬۰۰۰٬۰۰۰ تومان,۴۴٬۷۹۲٬۰۰۰ تومان,۱,۲,,,1,1,,,gYh9Ujhf
apartment-sell,آپارتمان,تهران,سیدخندان,tehran,۱۰۸,۱۴۰۰,۸٬۱۰۰٬۰۰۰٬۰۰۰ تومان,۷۵٬۰۰۰٬۰۰۰ تومان,۳,۳,1,1,1,1,,,gYhNT78v
apartment-sell,آپارتمان,تهران,سیدخندان,tehran,۱۳۵,۱۳۸۵,۶٬۷۰۰٬۰۰۰٬۰۰۰ تومان,۴۹٬۶۳۰٬۰۰۰ تومان,۲ از ۵,۳,1,1,1,1,35.749332,51.45198,gYhFDqwW
apartment-sell,آپارتمان,تهران,سیدخندان,tehran,۱۵۳,۱۳۹۵,۸٬۴۰۰٬۰۰۰٬۰۰۰ تومان,۵۴٬۹۰۲٬۰۰۰ تومان,۱,۳,1,1,1,1,,,gYhFjgF_
apartment-sell,آپارتمان,تهران,سیدخندان,tehran,۱۵۰,۱۴۰۰,۱۰٬۰۰۰٬۰۰۰٬۰۰۰ تومان,۶۶٬۶۶۷٬۰۰۰ تومان,۴,۳,1,1,1,1,,,gYhtiLIC
apartment-sell,آپارتمان,تهران,سیدخندان,tehran,۶۷,۱۳۹۶,۴٬۰۰۰٬۰۰۰٬۰۰۰ تومان,۵۹٬۷۰۱٬۰۰۰ تومان,۲,۱,1,1,1,1,,,gYhVRx3s
apartment-sell,آپارتمان,تهران,سیدخندان,tehran,۹۰,۱۳۸۳,۴٬۵۰۰٬۰۰۰٬۰۰۰ تومان,۵۰٬۰۰۰٬۰۰۰ تومان,۴,۲,1,1,1,1,,,gYhhwM8u
apartment-sell,آپارتمان,تهران,سیدخندان,tehran,۱۰۰,۱۳۸۵,۵٬۵۰۰٬۰۰۰٬۰۰۰ تومان,۵۵٬۰۰۰٬۰۰۰ تومان,۵,۲,1,1,1,1,,,gYhZAVom
apartment-sell,آپارتمان,تهران,سیدخندان,tehran,۱۳۰,۱۳۸۵,۶٬۵۰۰٬۰۰۰٬۰۰۰ تومان,۵۰٬۰۰۰٬۰۰۰ تومان,۲ از ۵,۳,1,1,1,1,,,gYgxPyKU
apartment-sell,آپارتمان,تهران,سیدخندان,tehran,۲۷۰,۱۴۰۰,توافقی,,۳,۴,1,1,1,1,,,gYgtfE3e
apartment-sell,آپارتمان,تهران,سیدخندان,tehran,۸۳,۱۳۸۰,۳٬۵۰۰٬۰۰۰٬۰۰۰ تومان,۴۲٬۱۶۹٬۰۰۰ تومان,۳,۲,,,1,1,,,gYg5ur4h
apartment-sell,آپارتمان,تهران,سیدخندان,tehran,۸۵,۱۳۸۵,۴٬۱۰۰٬۰۰۰٬۰۰۰ تومان,۴۸٬۲۳۵٬۰۰۰ تومان,۴ از ۴,۲,1,1,1,1,35.74959,51.45368,gYgRyRgj
apartment-sell,آپارتمان,تهران,سیدخندان,tehran,۱۳۱,۱۴۰۰,۹٬۵۰۰٬۰۰۰٬۰۰۰ تومان,۷۲٬۵۱۹٬۰۰۰ تومان,۴ از ۴,۲,1,1,,1,35.74535,51.45217,gYgdBCty
apartment-sell,آپارتمان,تهران,سیدخندان,tehran,۵۰,۱۳۷۹,۱٬۶۲۰٬۰۰۰٬۰۰۰ تومان,۳۲٬۴۰۰٬۰۰۰ تومان,۲,۱,,,,1,,,gYgVAVdY
apartment-sell,آپارتمان,تهران,سیدخندان,tehran,۹۸,۱۳۷۶,۴٬۶۰۰٬۰۰۰٬۰۰۰ تومان,۴۶٬۹۳۹٬۰۰۰ تومان,۱,۲,,1,1,1,,,gYfd_LZT
apartment-sell,آپارتمان,تهران,سیدخندان,tehran,۱۰۰,۱۴۰۰,۷٬۲۰۰٬۰۰۰٬۰۰۰ تومان,۷۲٬۰۰۰٬۰۰۰ تومان,۱ از ۵,۲,1,1,1,1,35.741898,51.456696,gYfteSEr
apartment-sell,آپارتمان,تهران,سیدخندان,tehran,۱۰۵,۱۴۰۰,۷٬۵۷۵٬۰۰۰٬۰۰۰ تومان,۷۲٬۱۴۳٬۰۰۰ تومان,۴ از ۶,۲,1,1,1,1,35.743004,51.45665,gYfdO6Iy
apartment-sell,آپارتمان,تهران,سیدخندان,tehran,۱۰۵,۱۴۰۰,توافقی,,۳,۲,1,1,1,1,,,gYfFOKQ-
apartment-sell,آپارتمان,تهران,سیدخندان,tehran,۱۱۰,۱۳۹۳,۵٬۰۰۰٬۰۰۰٬۰۰۰ تومان,۴۵٬۴۵۵٬۰۰۰ تومان,۴ از ۵,۲,1,1,1,1,,,gYfZ9Nst
apartment-sell,آپارتمان,تهران,سیدخندان,tehran,۷۵,۱۳۸۸,۳٬۷۵۰٬۰۰۰٬۰۰۰ تومان,۵۰٬۰۰۰٬۰۰۰ تومان,۳,۲,1,1,1,1,,,gYfRtn99
apartment-sell,آپارتمان,تهران,سیدخندان,tehran,۱۰۶,۱۳۹۵,۵٬۸۰۰٬۰۰۰٬۰۰۰ تومان,۵۴٬۷۱۷٬۰۰۰ تومان,۲ از ۵,۳,1,1,1,1,,,gYf1sPU0
apartment-sell,آپارتمان,تهران,سیدخندان,tehran,۱۲۷,۱۴۰۰,توافقی,,۳,۳,1,1,,1,,,gYfJcD73
apartment-sell,آپارتمان,تهران,سیدخندان,tehran,۹۸,۱۴۰۰,توافقی,,۳ از ۴,۲,1,1,1,1,,,gYf17XsW
apartment-sell,آپارتمان,تهران,سیدخندان,tehran,۱۰۷,۱۴۰۰,۸٬۰۲۵٬۰۰۰٬۰۰۰ تومان,۷۵٬۰۰۰٬۰۰۰ تومان,۵ از ۵,۲,1,1,1,1,,,gYflLQdA
apartment-sell,آپارتمان,تهران,سیدخندان,tehran,۱۱۵,۱۳۸۳,۵٬۵۰۰٬۰۰۰٬۰۰۰ تومان,۴۷٬۸۲۶٬۰۰۰ تومان,۱,۲,,1,1,1,,,gYfNLnRR
apartment-sell,آپارتمان,تهران,سیدخندان,tehran,۱۸۸,۱۳۹۹,۱۳٬۱۵۰٬۰۰۰٬۰۰۰ تومان,۶۹٬۹۴۷٬۰۰۰ تومان,۵ از ۵,۳,1,1,1,1,,,gYepmZO8
apartment-sell,آپارتمان,تهران,سیدخندان,tehran,۶۸,۱۳۸۳,۳٬۸۵۰٬۰۰۰٬۰۰۰ تومان,۵۶٬۶۱۸٬۰۰۰ تومان,۱,۱,1,1,1,1,,,gYf1qmCl
apartment-sell,آپارتمان,تهران,سیدخندان,tehran,۱۲۵,۱۴۰۰,۸٬۱۲۵٬۰۰۰٬۰۰۰ تومان,۶۵٬۰۰۰٬۰۰۰ تومان,۴ از ۵,۳,1,1,,1,,,gYf16qEe
apartment-sell,آپارتمان,تهران,سیدخندان,tehran,۷۰,۱۳۸۰,۳٬۲۰۰٬۰۰۰٬۰۰۰ تومان,۴۵٬۷۱۴٬۰۰۰ تومان,۳,۱,1,1,1,1,,,gYf1qIJR
apartment-sell,آپارتمان,تهران,سیدخندان,tehran,۷۵,۱۳۸۰,۳٬۵۸۰٬۰۰۰٬۰۰۰ تومان,۴۷٬۷۳۳٬۰۰۰ تومان,۵,۲,1,1,1,1,,,gYfVqJMV
apartment-sell,آپارتمان,تهران,سیدخندان,tehran,۱۱۵,۱۴۰۰,توافقی,,۲,۲,1,1,1,1,,,gYfBaMqm
apartment-sell,آپارتمان,تهران,سیدخندان,tehran,۱۱۷,۱۳۹۲,۵٬۵۰۰٬۰۰۰٬۰۰۰ تومان,۴۷٬۰۰۹٬۰۰۰ تومان,۴ از ۶,۳,1,1,1,1,35.748828376255,51.464388802301,gYeVdsJq
apartment-sell,آپارتمان,تهران,سیدخندان,tehran,۱۱۴,قبل از ۱۳۷۰,توافقی,,۲,۳,,,1,1,,,gYfhplFg
apartment-sell,آپارتمان,تهران,سیدخندان,tehran,۱۷۵,۱۳۹۹,۱۵٬۰۰۰٬۰۰۰٬۰۰۰ تومان,۸۵٬۷۱۴٬۰۰۰ تومان,۶ از ۵,۳,1,1,1,1,35.745643945216,51.458920019556,gYfd4tTD
apartment-sell,آپارتمان,تهران,سیدخندان,tehran,۱۱۸,۱۳۷۵,۶٬۳۱۳٬۰۰۰٬۰۰۰ تومان,۵۳٬۵۰۰٬۰۰۰ تومان,همکف از ۴,۳,,1,1,1,,,gYeNuBXz
apartment-sell,آپارتمان,تهران,سیدخندان,tehran,۹۰,۱۳۷۱,توافقی,,۴,۲,,,,1,,,gYddqo07
apartment-sell,آپارتمان,تهران,سیدخندان,tehran,۷۰,۱۴۰۰,توافقی,,۴ از ۵,۱,1,1,1,1,,,gYeVdoiU
apartment-sell,آپارتمان,تهران,سیدخندان,tehran,۱۴۰,۱۴۰۰,۱۰٬۵۰۰٬۰۰۰٬۰۰۰ تومان,۷۵٬۰۰۰٬۰۰۰ تومان,۳ از ۵,۳,1,1,1,1,,,gYeNNeDH
apartment-sell,آپارتمان,تهران,سیدخندان,tehran,۱۱۰,۱۴۰۰,توافقی,,۵ از ۵,۲,1,1,1,1,,,gYeFtu25
apartment-sell,آپارتمان,تهران,سیدخندان,tehran,۹۸,۱۳۹۹,۸٬۰۰۰٬۰۰۰٬۰۰۰ تومان,۸۱٬۶۳۳٬۰۰۰ تومان,۳,۲,1,1,1,1,,,gYcBJHwL
apartment-sell,آپارتمان,تهران,سیدخندان,tehran,۱۲۰,۱۳۹۵,۶٬۵۰۰٬۰۰۰٬۰۰۰ تومان,۵۴٬۱۶۷٬۰۰۰ تومان,۵,۲,1,1,1,1,,,gYeRLVgd
apartment-sell,آپارتمان,تهران,سیدخندان,tehran,۱۱۶,۱۳۸۰,توافقی,,همکف,۳,,1,1,1,,,gYexJP1O
apartment-sell,آپارتمان,تهران,سیدخندان,tehran,۱۵۴,۱۳۹۹,توافقی,,۲ از ۵,۳,1,1,1,1,,,gYVVyDvl
apartment-sell,آپارتمان,تهران,سیدخندان,tehran,۱۰۰,۱۳۸۵,۵٬۰۰۰٬۰۰۰٬۰۰۰ تومان,۵۰٬۰۰۰٬۰۰۰ تومان,۴,۲,1,1,1,1,35.747762173956,51.455939811903,gYehoFOT
apartment-sell,آپارتمان,تهران,سیدخندان,tehran,۸۳,۱۳۸۴,۳٬۷۵۰٬۰۰۰٬۰۰۰ تومان,۴۵٬۱۸۱٬۰۰۰ تومان,۳,۲,,,1,1,,,gYeFHL5S
apartment-sell,آپارتمان,تهران,سیدخندان,tehran,۱۰۰,۱۳۸۵,۵٬۵۰۰٬۰۰۰٬۰۰۰ تومان,۵۵٬۰۰۰٬۰۰۰ تومان,۵,۲,1,1,1,1,35.747177,51.46254,gYepmZzu
apartment-sell,آپارتمان,تهران,سیدخندان,tehran,۱۸۰,۱۳۸۹,توافقی,,۲,۳,1,1,1,1,,,gYeZG-GQ
apartment-sell,آپارتمان,تهران,سیدخندان,tehran,۵۵,۱۳۹۶,۳٬۵۷۵٬۰۰۰٬۰۰۰ تومان,۶۵٬۰۰۰٬۰۰۰ تومان,۱,۱,1,1,1,1,,,gYeVWzf6
apartment-sell,آپارتمان,تهران,سیدخندان,tehran,۹۰,۱۳۹۸,۵٬۶۰۰٬۰۰۰٬۰۰۰ تومان,۶۲٬۲۲۲٬۰۰۰ تومان,۱ از ۵,۲,1,1,1,1,,,gYeNmaGy
apartment-sell,آپارتمان,تهران,سیدخندان,tehran,۷۲,۱۳۸۹,توافقی,,۴,۱,1,1,1,1,,,gYe1VHy6
apartment-sell,آپارتمان,تهران,سیدخندان,tehran,۸۰,۱۴۰۰,توافقی,,۲,۲,1,1,1,1,,,gYexlbUr
apartment-sell,آپارتمان,تهران,سیدخندان,tehran,۹۵,۱۴۰۰,۶٬۶۵۰٬۰۰۰٬۰۰۰ تومان,۷۰٬۰۰۰٬۰۰۰ تومان,۴,۲,1,1,1,1,,,gYeBlFNp
apartment-sell,آپارتمان,تهران,سیدخندان,tehran,۵۴,۱۴۰۰,توافقی,,۱ از ۴,۲,1,,1,1,,,gYe5T_VK
apartment-sell,آپارتمان,تهران,سیدخندان,tehran,۹۵,۱۳۸۰,توافقی,,۴ از ۵,۲,1,1,1,1,,,gYeBiuUD
apartment-sell,آپارتمان,تهران,سیدخندان,tehran,۱۱۸,۱۳۷۵,۶٬۳۱۳٬۰۰۰٬۰۰۰ تومان,۵۳٬۵۰۰٬۰۰۰ تومان,همکف از ۴,۳,,1,1,1,,,gYdZb2Vh
apartment-sell,آپارتمان,تهران,سیدخندان,tehran,۸۰,قبل از ۱۳۷۰,۳٬۱۰۰٬۰۰۰٬۰۰۰ تومان,۳۸٬۷۵۰٬۰۰۰ تومان,همکف,۲,,1,1,1,,,gYdVXcLb
apartment-sell,آپارتمان,تهران,سیدخندان,tehran,۱۳۰,۱۴۰۰,توافقی,,۳,۳,1,1,1,1,35.745432507002,51.451807022095,gYd92BWX
apartment-sell,آپارتمان,تهران,سیدخندان,tehran,۱۵۰,۱۳۹۴,توافقی,,۵,۳,1,1,1,1,,,gYdBl1ni
apartment-sell,آپارتمان,تهران,سیدخندان,tehran,۱۰۸,۱۳۹۵,۵٬۶۰۰٬۰۰۰٬۰۰۰ تومان,۵۱٬۸۵۲٬۰۰۰ تومان,۵,۲,1,1,1,1,,,QYuLVHsJ
